skill_id,event_timestamp,created_timestamp,curriculum_score,industry_score,practical_score,projects_completed,internships_completed,certifications,coding_score,communication_score,problem_solving_score,teamwork_score,industry_demand_score,curriculum_relevance_score,skill_gap,employability_score,gap_level
SKILL_001,2026-01-01 00:00:00+00:00,2026-01-01 00:00:01+00:00,86.0,68.0,44.0,2,0,4,58.0,37.0,56.0,87.0,46.0,68.0,0.0,73.8,Low
SKILL_002,2026-01-01 00:00:01+00:00,2026-01-01 00:00:02+00:00,64.0,77.0,31.0,3,0,0,92.0,56.0,83.0,93.0,86.0,72.0,13.0,72.9,Medium
SKILL_003,2026-01-01 00:00:02+00:00,2026-01-01 00:00:03+00:00,49.0,86.0,91.0,2,2,3,98.0,37.0,85.0,41.0,65.0,53.0,37.0,84.55,High
SKILL_004,2026-01-01 00:00:03+00:00,2026-01-01 00:00:04+00:00,52.0,43.0,89.0,5,1,1,43.0,87.0,36.0,94.0,51.0,88.0,0.0,77.75,Low
SKILL_005,2026-01-01 00:00:04+00:00,2026-01-01 00:00:05+00:00,81.0,74.0,65.0,1,1,1,38.0,88.0,97.0,52.0,70.0,88.0,0.0,76.55,Low
SKILL_006,2026-01-01 00:00:05+00:00,2026-01-01 00:00:06+00:00,44.0,75.0,43.0,5,2,3,96.0,74.0,87.0,58.0,70.0,69.0,31.0,83.9,High
SKILL_007,2026-01-01 00:00:06+00:00,2026-01-01 00:00:07+00:00,75.0,68.0,44.0,4,0,0,43.0,35.0,42.0,97.0,55.0,95.0,0.0,66.2,Low
SKILL_008,2026-01-01 00:00:07+00:00,2026-01-01 00:00:08+00:00,42.0,74.0,64.0,0,2,4,75.0,62.0,41.0,46.0,78.0,77.0,32.0,68.85,High
SKILL_009,2026-01-01 00:00:08+00:00,2026-01-01 00:00:09+00:00,89.0,62.0,91.0,4,2,3,69.0,99.0,81.0,37.0,45.0,49.0,0.0,97.2,Low
SKILL_010,2026-01-01 00:00:09+00:00,2026-01-01 00:00:10+00:00,73.0,66.0,38.0,1,1,3,85.0,97.0,86.0,38.0,74.0,81.0,0.0,76.8,Low
SKILL_011,2026-01-01 00:00:10+00:00,2026-01-01 00:00:11+00:00,79.0,54.0,72.0,4,0,2,62.0,100.0,76.0,79.0,97.0,50.0,0.0,85.35,Low
SKILL_012,2026-01-01 00:00:11+00:00,2026-01-01 00:00:12+00:00,78.0,59.0,59.0,5,2,1,96.0,35.0,61.0,96.0,96.0,57.0,0.0,88.3,Low
SKILL_013,2026-01-01 00:00:12+00:00,2026-01-01 00:00:13+00:00,37.0,78.0,56.0,0,1,4,85.0,78.0,58.0,93.0,98.0,76.0,41.0,72.9,High
SKILL_014,2026-01-01 00:00:13+00:00,2026-01-01 00:00:14+00:00,86.0,88.0,91.0,0,1,3,46.0,73.0,36.0,37.0,93.0,81.0,2.0,77.5,Low
SKILL_015,2026-01-01 00:00:14+00:00,2026-01-01 00:00:15+00:00,90.0,56.0,88.0,0,1,1,88.0,35.0,53.0,36.0,97.0,88.0,0.0,75.8,Low
SKILL_016,2026-01-01 00:00:15+00:00,2026-01-01 00:00:16+00:00,66.0,94.0,84.0,2,2,0,72.0,58.0,45.0,50.0,77.0,53.0,28.0,78.8,High
SKILL_017,2026-01-01 00:00:16+00:00,2026-01-01 00:00:17+00:00,50.0,68.0,32.0,3,2,3,53.0,53.0,54.0,86.0,85.0,77.0,18.0,69.45,Medium
SKILL_018,2026-01-01 00:00:17+00:00,2026-01-01 00:00:18+00:00,73.0,57.0,30.0,2,0,0,84.0,57.0,65.0,76.0,79.0,51.0,0.0,66.35,Low
SKILL_019,2026-01-01 00:00:18+00:00,2026-01-01 00:00:19+00:00,60.0,87.0,89.0,0,1,0,82.0,46.0,71.0,66.0,99.0,53.0,27.0,75.1,High
SKILL_020,2026-01-01 00:00:19+00:00,2026-01-01 00:00:20+00:00,69.0,58.0,77.0,2,1,0,58.0,70.0,72.0,59.0,73.0,62.0,0.0,74.25,Low
SKILL_021,2026-01-01 00:00:20+00:00,2026-01-01 00:00:21+00:00,52.0,41.0,83.0,2,0,0,67.0,67.0,48.0,55.0,92.0,64.0,0.0,64.75,Low
SKILL_022,2026-01-01 00:00:21+00:00,2026-01-01 00:00:22+00:00,41.0,42.0,46.0,0,2,2,56.0,64.0,72.0,85.0,98.0,52.0,1.0,63.15,Low
SKILL_023,2026-01-01 00:00:22+00:00,2026-01-01 00:00:23+00:00,55.0,69.0,57.0,0,0,3,95.0,82.0,53.0,38.0,79.0,93.0,14.0,68.1,Medium
SKILL_024,2026-01-01 00:00:23+00:00,2026-01-01 00:00:24+00:00,78.0,67.0,59.0,4,1,4,40.0,71.0,58.0,80.0,97.0,75.0,0.0,81.9,Low
SKILL_025,2026-01-01 00:00:24+00:00,2026-01-01 00:00:25+00:00,94.0,72.0,92.0,4,0,0,52.0,59.0,88.0,92.0,47.0,84.0,0.0,88.8,Low
SKILL_026,2026-01-01 00:00:25+00:00,2026-01-01 00:00:26+00:00,58.0,89.0,61.0,5,2,1,61.0,36.0,51.0,67.0,53.0,87.0,31.0,77.65,High
SKILL_027,2026-01-01 00:00:26+00:00,2026-01-01 00:00:27+00:00,73.0,68.0,71.0,1,2,1,59.0,58.0,47.0,94.0,51.0,80.0,0.0,77.5,Low
SKILL_028,2026-01-01 00:00:27+00:00,2026-01-01 00:00:28+00:00,54.0,40.0,37.0,5,1,3,49.0,100.0,66.0,97.0,66.0,95.0,0.0,76.05,Low
SKILL_029,2026-01-01 00:00:28+00:00,2026-01-01 00:00:29+00:00,86.0,81.0,44.0,5,2,3,42.0,87.0,94.0,39.0,83.0,48.0,0.0,87.2,Low
SKILL_030,2026-01-01 00:00:29+00:00,2026-01-01 00:00:30+00:00,79.0,71.0,76.0,2,2,3,50.0,47.0,64.0,53.0,61.0,100.0,0.0,80.45,Low
SKILL_031,2026-01-01 00:00:30+00:00,2026-01-01 00:00:31+00:00,62.0,97.0,84.0,1,0,1,96.0,57.0,43.0,46.0,97.0,45.0,35.0,74.5,High
SKILL_032,2026-01-01 00:00:31+00:00,2026-01-01 00:00:32+00:00,81.0,73.0,77.0,0,0,4,35.0,50.0,95.0,98.0,49.0,66.0,0.0,78.5,Low
SKILL_033,2026-01-01 00:00:32+00:00,2026-01-01 00:00:33+00:00,46.0,65.0,45.0,2,0,0,63.0,81.0,96.0,50.0,70.0,70.0,19.0,63.15,Medium
SKILL_034,2026-01-01 00:00:33+00:00,2026-01-01 00:00:34+00:00,55.0,78.0,62.0,5,1,4,57.0,44.0,68.0,86.0,75.0,54.0,23.0,81.3,Medium
SKILL_035,2026-01-01 00:00:34+00:00,2026-01-01 00:00:35+00:00,92.0,71.0,30.0,4,0,3,50.0,58.0,36.0,66.0,71.0,64.0,0.0,72.1,Low
SKILL_036,2026-01-01 00:00:35+00:00,2026-01-01 00:00:36+00:00,84.0,74.0,62.0,0,0,2,77.0,46.0,99.0,67.0,84.0,54.0,0.0,76.55,Low
SKILL_037,2026-01-01 00:00:36+00:00,2026-01-01 00:00:37+00:00,78.0,68.0,42.0,3,2,1,69.0,42.0,60.0,68.0,95.0,85.0,0.0,75.55,Low
SKILL_038,2026-01-01 00:00:37+00:00,2026-01-01 00:00:38+00:00,38.0,97.0,58.0,3,0,4,70.0,44.0,58.0,98.0,79.0,93.0,59.0,73.3,High
SKILL_039,2026-01-01 00:00:38+00:00,2026-01-01 00:00:39+00:00,82.0,75.0,53.0,5,0,3,89.0,47.0,57.0,64.0,61.0,93.0,0.0,83.25,Low
SKILL_040,2026-01-01 00:00:39+00:00,2026-01-01 00:00:40+00:00,82.0,64.0,42.0,2,2,0,46.0,95.0,53.0,43.0,51.0,72.0,0.0,71.3,Low
SKILL_041,2026-01-01 00:00:40+00:00,2026-01-01 00:00:41+00:00,65.0,91.0,45.0,4,0,2,46.0,59.0,86.0,87.0,67.0,60.0,26.0,75.45,High
SKILL_042,2026-01-01 00:00:41+00:00,2026-01-01 00:00:42+00:00,79.0,92.0,71.0,1,2,1,39.0,69.0,52.0,43.0,54.0,88.0,13.0,74.9,Medium
SKILL_043,2026-01-01 00:00:42+00:00,2026-01-01 00:00:43+00:00,95.0,77.0,36.0,5,0,1,43.0,84.0,61.0,100.0,49.0,73.0,0.0,81.1,Low
SKILL_044,2026-01-01 00:00:43+00:00,2026-01-01 00:00:44+00:00,72.0,58.0,37.0,4,0,3,51.0,79.0,38.0,70.0,50.0,75.0,0.0,70.05,Low
SKILL_045,2026-01-01 00:00:44+00:00,2026-01-01 00:00:45+00:00,95.0,83.0,83.0,2,1,1,53.0,73.0,79.0,47.0,94.0,72.0,0.0,85.0,Low
SKILL_046,2026-01-01 00:00:45+00:00,2026-01-01 00:00:46+00:00,62.0,47.0,90.0,0,2,0,37.0,96.0,97.0,59.0,100.0,77.0,0.0,74.95,Low
SKILL_047,2026-01-01 00:00:46+00:00,2026-01-01 00:00:47+00:00,87.0,45.0,87.0,3,0,4,95.0,81.0,55.0,70.0,79.0,63.0,0.0,90.5,Low
SKILL_048,2026-01-01 00:00:47+00:00,2026-01-01 00:00:48+00:00,91.0,57.0,76.0,0,0,0,88.0,37.0,50.0,91.0,55.0,56.0,0.0,74.65,Low
SKILL_049,2026-01-01 00:00:48+00:00,2026-01-01 00:00:49+00:00,66.0,55.0,53.0,3,0,1,70.0,42.0,92.0,94.0,94.0,72.0,0.0,73.4,Low
SKILL_050,2026-01-01 00:00:49+00:00,2026-01-01 00:00:50+00:00,75.0,75.0,93.0,2,1,0,67.0,63.0,47.0,80.0,79.0,50.0,0.0,80.9,Low
SKILL_051,2026-01-01 00:00:50+00:00,2026-01-01 00:00:51+00:00,85.0,44.0,76.0,0,1,1,90.0,64.0,39.0,67.0,98.0,45.0,0.0,75.85,Low
SKILL_052,2026-01-01 00:00:51+00:00,2026-01-01 00:00:52+00:00,66.0,86.0,78.0,2,0,1,97.0,93.0,61.0,83.0,57.0,77.0,20.0,84.45,Medium
SKILL_053,2026-01-01 00:00:52+00:00,2026-01-01 00:00:53+00:00,75.0,74.0,30.0,4,2,3,39.0,37.0,87.0,57.0,81.0,97.0,0.0,74.6,Low
SKILL_054,2026-01-01 00:00:53+00:00,2026-01-01 00:00:54+00:00,44.0,49.0,46.0,4,1,0,35.0,85.0,79.0,38.0,45.0,93.0,5.0,61.55,Low
SKILL_055,2026-01-01 00:00:54+00:00,2026-01-01 00:00:55+00:00,66.0,73.0,68.0,1,1,1,88.0,37.0,84.0,46.0,45.0,98.0,7.0,73.8,Low
SKILL_056,2026-01-01 00:00:55+00:00,2026-01-01 00:00:56+00:00,39.0,69.0,86.0,0,2,4,48.0,100.0,85.0,72.0,78.0,82.0,30.0,78.75,High
SKILL_057,2026-01-01 00:00:56+00:00,2026-01-01 00:00:57+00:00,68.0,57.0,59.0,2,2,1,86.0,72.0,64.0,85.0,61.0,49.0,0.0,81.0,Low
SKILL_058,2026-01-01 00:00:57+00:00,2026-01-01 00:00:58+00:00,44.0,95.0,46.0,1,0,3,68.0,40.0,87.0,100.0,57.0,87.0,51.0,69.1,High
SKILL_059,2026-01-01 00:00:58+00:00,2026-01-01 00:00:59+00:00,82.0,50.0,52.0,2,1,3,38.0,90.0,59.0,61.0,73.0,76.0,0.0,74.1,Low
SKILL_060,2026-01-01 00:00:59+00:00,2026-01-01 00:01:00+00:00,95.0,97.0,80.0,2,0,4,76.0,95.0,56.0,55.0,50.0,45.0,2.0,91.45,Low
SKILL_061,2026-01-01 00:01:00+00:00,2026-01-01 00:01:01+00:00,75.0,51.0,75.0,1,0,1,79.0,61.0,60.0,81.0,66.0,91.0,0.0,74.4,Low
SKILL_062,2026-01-01 00:01:01+00:00,2026-01-01 00:01:02+00:00,82.0,56.0,55.0,3,0,0,86.0,81.0,90.0,48.0,70.0,72.0,0.0,77.9,Low
SKILL_063,2026-01-01 00:01:02+00:00,2026-01-01 00:01:03+00:00,58.0,41.0,55.0,5,2,2,41.0,37.0,57.0,52.0,82.0,79.0,0.0,69.35,Low
SKILL_064,2026-01-01 00:01:03+00:00,2026-01-01 00:01:04+00:00,49.0,64.0,57.0,1,2,0,51.0,78.0,59.0,51.0,57.0,64.0,15.0,64.5,Medium
SKILL_065,2026-01-01 00:01:04+00:00,2026-01-01 00:01:05+00:00,44.0,42.0,47.0,3,2,1,42.0,74.0,76.0,75.0,81.0,50.0,0.0,66.9,Low
SKILL_066,2026-01-01 00:01:05+00:00,2026-01-01 00:01:06+00:00,60.0,73.0,88.0,2,0,4,67.0,87.0,56.0,55.0,50.0,50.0,13.0,79.75,Medium
SKILL_067,2026-01-01 00:01:06+00:00,2026-01-01 00:01:07+00:00,38.0,69.0,91.0,5,1,0,37.0,65.0,74.0,70.0,68.0,75.0,31.0,74.05,High
SKILL_068,2026-01-01 00:01:07+00:00,2026-01-01 00:01:08+00:00,36.0,59.0,33.0,5,1,0,85.0,96.0,91.0,100.0,59.0,55.0,23.0,75.95,Medium
SKILL_069,2026-01-01 00:01:08+00:00,2026-01-01 00:01:09+00:00,60.0,90.0,74.0,3,0,1,53.0,54.0,46.0,81.0,45.0,70.0,30.0,72.35,High
SKILL_070,2026-01-01 00:01:09+00:00,2026-01-01 00:01:10+00:00,72.0,76.0,40.0,3,0,2,37.0,67.0,40.0,84.0,100.0,54.0,4.0,67.25,Low
SKILL_071,2026-01-01 00:01:10+00:00,2026-01-01 00:01:11+00:00,57.0,49.0,73.0,1,0,1,99.0,97.0,51.0,43.0,55.0,59.0,0.0,71.2,Low
SKILL_072,2026-01-01 00:01:11+00:00,2026-01-01 00:01:12+00:00,89.0,74.0,78.0,4,1,3,84.0,43.0,68.0,69.0,45.0,84.0,0.0,91.35,Low
SKILL_073,2026-01-01 00:01:12+00:00,2026-01-01 00:01:13+00:00,45.0,80.0,43.0,3,1,2,71.0,39.0,60.0,96.0,48.0,69.0,35.0,70.0,High
SKILL_074,2026-01-01 00:01:13+00:00,2026-01-01 00:01:14+00:00,76.0,64.0,47.0,5,2,4,72.0,57.0,97.0,49.0,77.0,69.0,0.0,87.9,Low
SKILL_075,2026-01-01 00:01:14+00:00,2026-01-01 00:01:15+00:00,67.0,86.0,95.0,5,0,2,73.0,85.0,40.0,41.0,95.0,52.0,19.0,84.9,Medium
SKILL_076,2026-01-01 00:01:15+00:00,2026-01-01 00:01:16+00:00,86.0,54.0,58.0,0,1,2,70.0,63.0,72.0,91.0,77.0,81.0,0.0,77.6,Low
SKILL_077,2026-01-01 00:01:16+00:00,2026-01-01 00:01:17+00:00,38.0,61.0,95.0,1,0,2,72.0,47.0,65.0,81.0,80.0,89.0,23.0,69.7,Medium
SKILL_078,2026-01-01 00:01:17+00:00,2026-01-01 00:01:18+00:00,90.0,54.0,58.0,4,0,3,79.0,36.0,61.0,70.0,80.0,70.0,0.0,80.55,Low
SKILL_079,2026-01-01 00:01:18+00:00,2026-01-01 00:01:19+00:00,61.0,44.0,49.0,2,1,1,72.0,40.0,57.0,81.0,70.0,90.0,0.0,66.55,Low
SKILL_080,2026-01-01 00:01:19+00:00,2026-01-01 00:01:20+00:00,46.0,65.0,42.0,5,1,0,94.0,77.0,39.0,71.0,52.0,86.0,19.0,72.2,Medium
SKILL_081,2026-01-01 00:01:20+00:00,2026-01-01 00:01:21+00:00,62.0,70.0,38.0,5,2,4,74.0,75.0,45.0,57.0,45.0,90.0,8.0,80.9,Low
SKILL_082,2026-01-01 00:01:21+00:00,2026-01-01 00:01:22+00:00,55.0,65.0,65.0,5,2,0,35.0,97.0,88.0,89.0,95.0,84.0,10.0,81.9,Low
SKILL_083,2026-01-01 00:01:22+00:00,2026-01-01 00:01:23+00:00,55.0,86.0,82.0,0,1,3,91.0,60.0,75.0,69.0,96.0,69.0,31.0,80.3,High
SKILL_084,2026-01-01 00:01:23+00:00,2026-01-01 00:01:24+00:00,72.0,41.0,36.0,1,2,1,51.0,77.0,93.0,85.0,98.0,68.0,0.0,71.95,Low
SKILL_085,2026-01-01 00:01:24+00:00,2026-01-01 00:01:25+00:00,86.0,45.0,62.0,0,0,2,56.0,60.0,62.0,83.0,51.0,61.0,0.0,70.3,Low
SKILL_086,2026-01-01 00:01:25+00:00,2026-01-01 00:01:26+00:00,75.0,88.0,49.0,5,1,3,97.0,95.0,83.0,35.0,76.0,57.0,13.0,90.7,Medium
SKILL_087,2026-01-01 00:01:26+00:00,2026-01-01 00:01:27+00:00,93.0,95.0,91.0,5,0,0,79.0,64.0,50.0,74.0,63.0,62.0,2.0,91.6,Low
SKILL_088,2026-01-01 00:01:27+00:00,2026-01-01 00:01:28+00:00,48.0,90.0,76.0,1,1,3,72.0,85.0,97.0,38.0,45.0,52.0,42.0,78.5,High
SKILL_089,2026-01-01 00:01:28+00:00,2026-01-01 00:01:29+00:00,37.0,71.0,39.0,1,2,1,89.0,66.0,84.0,41.0,73.0,52.0,34.0,66.1,High
SKILL_090,2026-01-01 00:01:29+00:00,2026-01-01 00:01:30+00:00,91.0,94.0,88.0,4,1,0,85.0,42.0,68.0,69.0,76.0,68.0,3.0,91.4,Low
SKILL_091,2026-01-01 00:01:30+00:00,2026-01-01 00:01:31+00:00,66.0,95.0,75.0,2,0,4,48.0,89.0,82.0,41.0,54.0,51.0,29.0,79.4,High
SKILL_092,2026-01-01 00:01:31+00:00,2026-01-01 00:01:32+00:00,57.0,60.0,48.0,4,2,3,63.0,94.0,36.0,35.0,91.0,49.0,3.0,74.3,Low
SKILL_093,2026-01-01 00:01:32+00:00,2026-01-01 00:01:33+00:00,45.0,81.0,31.0,2,2,3,54.0,39.0,71.0,72.0,74.0,53.0,36.0,66.35,High
SKILL_094,2026-01-01 00:01:33+00:00,2026-01-01 00:01:34+00:00,87.0,83.0,53.0,0,1,2,48.0,43.0,74.0,100.0,89.0,69.0,0.0,75.55,Low
SKILL_095,2026-01-01 00:01:34+00:00,2026-01-01 00:01:35+00:00,43.0,93.0,51.0,2,1,3,60.0,92.0,63.0,71.0,55.0,50.0,50.0,73.35,High
SKILL_096,2026-01-01 00:01:35+00:00,2026-01-01 00:01:36+00:00,55.0,81.0,70.0,5,1,0,71.0,59.0,61.0,91.0,75.0,50.0,26.0,80.6,High
SKILL_097,2026-01-01 00:01:36+00:00,2026-01-01 00:01:37+00:00,68.0,51.0,82.0,1,0,0,60.0,96.0,80.0,98.0,46.0,98.0,0.0,76.9,Low
SKILL_098,2026-01-01 00:01:37+00:00,2026-01-01 00:01:38+00:00,35.0,90.0,82.0,3,2,1,63.0,55.0,45.0,74.0,55.0,80.0,55.0,74.5,High
SKILL_099,2026-01-01 00:01:38+00:00,2026-01-01 00:01:39+00:00,93.0,78.0,83.0,1,2,4,90.0,67.0,70.0,54.0,63.0,79.0,0.0,94.25,Low
SKILL_100,2026-01-01 00:01:39+00:00,2026-01-01 00:01:40+00:00,77.0,56.0,91.0,2,0,2,60.0,100.0,74.0,51.0,45.0,69.0,0.0,81.55,Low
SKILL_101,2026-01-01 00:01:40+00:00,2026-01-01 00:01:41+00:00,74.0,81.0,54.0,2,2,1,78.0,85.0,46.0,53.0,81.0,88.0,7.0,79.0,Low
SKILL_102,2026-01-01 00:01:41+00:00,2026-01-01 00:01:42+00:00,95.0,56.0,86.0,0,2,3,96.0,42.0,55.0,59.0,62.0,69.0,0.0,87.05,Low
SKILL_103,2026-01-01 00:01:42+00:00,2026-01-01 00:01:43+00:00,49.0,98.0,55.0,0,0,1,81.0,66.0,44.0,50.0,51.0,61.0,49.0,62.7,High
SKILL_104,2026-01-01 00:01:43+00:00,2026-01-01 00:01:44+00:00,48.0,54.0,36.0,0,2,1,93.0,73.0,52.0,93.0,86.0,83.0,6.0,67.85,Low
SKILL_105,2026-01-01 00:01:44+00:00,2026-01-01 00:01:45+00:00,48.0,70.0,53.0,2,0,1,37.0,71.0,77.0,74.0,70.0,99.0,22.0,62.85,Medium
SKILL_106,2026-01-01 00:01:45+00:00,2026-01-01 00:01:46+00:00,73.0,54.0,33.0,4,1,0,47.0,67.0,50.0,76.0,88.0,46.0,0.0,67.6,Low
SKILL_107,2026-01-01 00:01:46+00:00,2026-01-01 00:01:47+00:00,76.0,73.0,59.0,2,2,4,47.0,52.0,66.0,73.0,90.0,96.0,0.0,80.25,Low
SKILL_108,2026-01-01 00:01:47+00:00,2026-01-01 00:01:48+00:00,63.0,92.0,86.0,3,2,0,44.0,64.0,59.0,39.0,45.0,74.0,29.0,76.95,High
SKILL_109,2026-01-01 00:01:48+00:00,2026-01-01 00:01:49+00:00,37.0,84.0,43.0,5,1,3,52.0,96.0,71.0,59.0,92.0,45.0,47.0,74.15,High
SKILL_110,2026-01-01 00:01:49+00:00,2026-01-01 00:01:50+00:00,49.0,48.0,44.0,0,0,3,46.0,93.0,71.0,95.0,81.0,87.0,0.0,63.15,Low
SKILL_111,2026-01-01 00:01:50+00:00,2026-01-01 00:01:51+00:00,73.0,95.0,92.0,5,2,4,59.0,86.0,38.0,93.0,52.0,64.0,22.0,98.7,Medium
SKILL_112,2026-01-01 00:01:51+00:00,2026-01-01 00:01:52+00:00,79.0,85.0,86.0,1,0,0,37.0,40.0,39.0,39.0,98.0,91.0,6.0,64.8,Low
SKILL_113,2026-01-01 00:01:52+00:00,2026-01-01 00:01:53+00:00,43.0,74.0,49.0,1,0,4,69.0,84.0,96.0,51.0,68.0,47.0,31.0,69.4,High
SKILL_114,2026-01-01 00:01:53+00:00,2026-01-01 00:01:54+00:00,72.0,52.0,43.0,4,1,2,90.0,63.0,43.0,59.0,78.0,56.0,0.0,75.8,Low
SKILL_115,2026-01-01 00:01:54+00:00,2026-01-01 00:01:55+00:00,43.0,54.0,69.0,0,0,2,93.0,72.0,39.0,82.0,70.0,62.0,11.0,66.2,Low
SKILL_116,2026-01-01 00:01:55+00:00,2026-01-01 00:01:56+00:00,71.0,99.0,77.0,4,0,4,74.0,79.0,96.0,92.0,47.0,100.0,28.0,94.85,High
SKILL_117,2026-01-01 00:01:56+00:00,2026-01-01 00:01:57+00:00,68.0,79.0,62.0,5,2,3,93.0,93.0,82.0,75.0,57.0,87.0,11.0,96.75,Low
SKILL_118,2026-01-01 00:01:57+00:00,2026-01-01 00:01:58+00:00,59.0,92.0,71.0,3,2,2,72.0,94.0,41.0,39.0,87.0,89.0,33.0,81.35,High
SKILL_119,2026-01-01 00:01:58+00:00,2026-01-01 00:01:59+00:00,65.0,62.0,71.0,1,2,4,64.0,73.0,65.0,36.0,58.0,57.0,0.0,77.65,Low
SKILL_120,2026-01-01 00:01:59+00:00,2026-01-01 00:02:00+00:00,73.0,41.0,42.0,5,2,0,51.0,94.0,98.0,69.0,92.0,50.0,0.0,80.5,Low
SKILL_121,2026-01-01 00:02:00+00:00,2026-01-01 00:02:01+00:00,64.0,46.0,92.0,3,2,4,56.0,54.0,98.0,51.0,56.0,66.0,0.0,85.7,Low
SKILL_122,2026-01-01 00:02:01+00:00,2026-01-01 00:02:02+00:00,44.0,93.0,94.0,5,1,2,84.0,48.0,98.0,81.0,73.0,56.0,49.0,90.4,High
SKILL_123,2026-01-01 00:02:02+00:00,2026-01-01 00:02:03+00:00,93.0,74.0,81.0,4,2,4,45.0,67.0,40.0,66.0,95.0,55.0,0.0,90.9,Low
SKILL_124,2026-01-01 00:02:03+00:00,2026-01-01 00:02:04+00:00,80.0,73.0,58.0,3,0,2,47.0,73.0,49.0,63.0,73.0,55.0,0.0,73.45,Low
SKILL_125,2026-01-01 00:02:04+00:00,2026-01-01 00:02:05+00:00,66.0,41.0,76.0,5,1,2,61.0,90.0,55.0,81.0,60.0,81.0,0.0,83.55,Low
SKILL_126,2026-01-01 00:02:05+00:00,2026-01-01 00:02:06+00:00,40.0,58.0,86.0,4,2,2,35.0,92.0,72.0,49.0,78.0,79.0,18.0,76.55,Medium
SKILL_127,2026-01-01 00:02:06+00:00,2026-01-01 00:02:07+00:00,59.0,63.0,41.0,1,2,3,61.0,94.0,80.0,51.0,73.0,97.0,4.0,73.4,Low
SKILL_128,2026-01-01 00:02:07+00:00,2026-01-01 00:02:08+00:00,49.0,66.0,75.0,1,2,2,98.0,78.0,87.0,58.0,47.0,64.0,17.0,81.85,Medium
SKILL_129,2026-01-01 00:02:08+00:00,2026-01-01 00:02:09+00:00,49.0,64.0,46.0,5,0,0,94.0,97.0,36.0,45.0,57.0,61.0,15.0,69.75,Medium
SKILL_130,2026-01-01 00:02:09+00:00,2026-01-01 00:02:10+00:00,55.0,57.0,93.0,1,1,2,79.0,67.0,75.0,42.0,55.0,66.0,2.0,76.3,Low
SKILL_131,2026-01-01 00:02:10+00:00,2026-01-01 00:02:11+00:00,58.0,80.0,46.0,3,0,3,54.0,67.0,74.0,66.0,94.0,77.0,22.0,71.0,Medium
SKILL_132,2026-01-01 00:02:11+00:00,2026-01-01 00:02:12+00:00,67.0,72.0,59.0,0,0,3,60.0,56.0,100.0,72.0,83.0,70.0,5.0,72.05,Low
SKILL_133,2026-01-01 00:02:12+00:00,2026-01-01 00:02:13+00:00,92.0,89.0,44.0,1,1,3,83.0,95.0,40.0,43.0,50.0,53.0,0.0,80.45,Low
SKILL_134,2026-01-01 00:02:13+00:00,2026-01-01 00:02:14+00:00,65.0,71.0,70.0,1,1,3,96.0,96.0,41.0,38.0,50.0,66.0,6.0,78.75,Low
SKILL_135,2026-01-01 00:02:14+00:00,2026-01-01 00:02:15+00:00,75.0,99.0,43.0,2,1,3,46.0,47.0,59.0,79.0,95.0,63.0,24.0,74.15,Medium
SKILL_136,2026-01-01 00:02:15+00:00,2026-01-01 00:02:16+00:00,70.0,84.0,37.0,4,2,4,89.0,66.0,85.0,78.0,62.0,50.0,14.0,89.55,Medium
SKILL_137,2026-01-01 00:02:16+00:00,2026-01-01 00:02:17+00:00,53.0,61.0,66.0,0,2,2,62.0,69.0,95.0,88.0,59.0,77.0,8.0,76.05,Low
SKILL_138,2026-01-01 00:02:17+00:00,2026-01-01 00:02:18+00:00,46.0,88.0,60.0,1,0,3,71.0,38.0,54.0,94.0,68.0,94.0,42.0,68.05,High
SKILL_139,2026-01-01 00:02:18+00:00,2026-01-01 00:02:19+00:00,85.0,71.0,65.0,1,0,1,100.0,68.0,70.0,40.0,83.0,86.0,0.0,77.65,Low
SKILL_140,2026-01-01 00:02:19+00:00,2026-01-01 00:02:20+00:00,85.0,97.0,41.0,2,0,1,74.0,55.0,49.0,60.0,52.0,80.0,12.0,72.15,Medium
SKILL_141,2026-01-01 00:02:20+00:00,2026-01-01 00:02:21+00:00,64.0,62.0,71.0,3,1,1,71.0,72.0,75.0,96.0,98.0,91.0,0.0,81.85,Low
SKILL_142,2026-01-01 00:02:21+00:00,2026-01-01 00:02:22+00:00,90.0,78.0,31.0,5,0,2,62.0,100.0,69.0,39.0,45.0,84.0,0.0,79.6,Low
SKILL_143,2026-01-01 00:02:22+00:00,2026-01-01 00:02:23+00:00,90.0,75.0,74.0,2,1,2,48.0,44.0,35.0,39.0,64.0,52.0,0.0,73.8,Low
SKILL_144,2026-01-01 00:02:23+00:00,2026-01-01 00:02:24+00:00,46.0,40.0,86.0,5,0,2,71.0,81.0,71.0,83.0,93.0,100.0,0.0,79.85,Low
SKILL_145,2026-01-01 00:02:24+00:00,2026-01-01 00:02:25+00:00,90.0,67.0,35.0,3,2,4,54.0,36.0,71.0,54.0,70.0,73.0,0.0,78.4,Low
SKILL_146,2026-01-01 00:02:25+00:00,2026-01-01 00:02:26+00:00,89.0,74.0,88.0,4,0,0,85.0,46.0,54.0,87.0,94.0,68.0,0.0,86.7,Low
SKILL_147,2026-01-01 00:02:26+00:00,2026-01-01 00:02:27+00:00,68.0,64.0,79.0,4,0,2,84.0,57.0,78.0,72.0,64.0,67.0,0.0,83.5,Low
SKILL_148,2026-01-01 00:02:27+00:00,2026-01-01 00:02:28+00:00,86.0,55.0,79.0,1,2,1,35.0,42.0,63.0,39.0,91.0,66.0,0.0,71.95,Low
SKILL_149,2026-01-01 00:02:28+00:00,2026-01-01 00:02:29+00:00,68.0,40.0,84.0,1,2,1,64.0,51.0,60.0,42.0,91.0,84.0,0.0,72.2,Low
SKILL_150,2026-01-01 00:02:29+00:00,2026-01-01 00:02:30+00:00,46.0,66.0,75.0,3,0,0,53.0,65.0,48.0,87.0,92.0,49.0,20.0,67.05,Medium
SKILL_151,2026-01-01 00:02:30+00:00,2026-01-01 00:02:31+00:00,60.0,67.0,95.0,1,1,0,67.0,75.0,82.0,47.0,53.0,97.0,7.0,76.15,Low
SKILL_152,2026-01-01 00:02:31+00:00,2026-01-01 00:02:32+00:00,65.0,80.0,33.0,5,2,1,47.0,57.0,35.0,88.0,51.0,69.0,15.0,73.4,Medium
SKILL_153,2026-01-01 00:02:32+00:00,2026-01-01 00:02:33+00:00,35.0,51.0,44.0,4,2,3,67.0,83.0,69.0,78.0,82.0,70.0,16.0,74.2,Medium
SKILL_154,2026-01-01 00:02:33+00:00,2026-01-01 00:02:34+00:00,69.0,47.0,95.0,5,0,2,60.0,82.0,100.0,62.0,97.0,73.0,0.0,87.35,Low
SKILL_155,2026-01-01 00:02:34+00:00,2026-01-01 00:02:35+00:00,39.0,73.0,77.0,4,2,3,49.0,77.0,82.0,80.0,94.0,88.0,34.0,82.2,High
SKILL_156,2026-01-01 00:02:35+00:00,2026-01-01 00:02:36+00:00,79.0,60.0,52.0,2,2,4,49.0,59.0,70.0,85.0,59.0,48.0,0.0,80.9,Low
SKILL_157,2026-01-01 00:02:36+00:00,2026-01-01 00:02:37+00:00,56.0,58.0,63.0,5,0,3,86.0,61.0,63.0,62.0,79.0,52.0,2.0,78.4,Low
SKILL_158,2026-01-01 00:02:37+00:00,2026-01-01 00:02:38+00:00,76.0,75.0,59.0,1,1,0,38.0,41.0,73.0,47.0,75.0,51.0,0.0,65.1,Low
SKILL_159,2026-01-01 00:02:38+00:00,2026-01-01 00:02:39+00:00,76.0,81.0,85.0,3,1,0,78.0,79.0,81.0,47.0,99.0,66.0,5.0,85.5,Low
SKILL_160,2026-01-01 00:02:39+00:00,2026-01-01 00:02:40+00:00,60.0,48.0,44.0,1,1,0,76.0,58.0,83.0,60.0,71.0,81.0,0.0,65.1,Low
SKILL_161,2026-01-01 00:02:40+00:00,2026-01-01 00:02:41+00:00,84.0,63.0,48.0,3,2,1,52.0,53.0,70.0,89.0,94.0,49.0,0.0,79.4,Low
SKILL_162,2026-01-01 00:02:41+00:00,2026-01-01 00:02:42+00:00,83.0,74.0,62.0,4,0,4,49.0,69.0,66.0,45.0,54.0,53.0,0.0,79.9,Low
SKILL_163,2026-01-01 00:02:42+00:00,2026-01-01 00:02:43+00:00,47.0,96.0,54.0,1,2,4,52.0,76.0,73.0,75.0,93.0,55.0,49.0,76.35,High
SKILL_164,2026-01-01 00:02:43+00:00,2026-01-01 00:02:44+00:00,58.0,99.0,75.0,2,1,1,66.0,73.0,70.0,70.0,47.0,53.0,41.0,79.1,High
SKILL_165,2026-01-01 00:02:44+00:00,2026-01-01 00:02:45+00:00,67.0,98.0,70.0,3,0,0,94.0,36.0,94.0,39.0,88.0,71.0,31.0,77.55,High
SKILL_166,2026-01-01 00:02:45+00:00,2026-01-01 00:02:46+00:00,72.0,47.0,79.0,2,1,3,92.0,37.0,36.0,78.0,46.0,82.0,0.0,78.9,Low
SKILL_167,2026-01-01 00:02:46+00:00,2026-01-01 00:02:47+00:00,69.0,73.0,59.0,3,1,3,92.0,70.0,65.0,81.0,99.0,60.0,4.0,85.25,Low
SKILL_168,2026-01-01 00:02:47+00:00,2026-01-01 00:02:48+00:00,64.0,96.0,84.0,3,0,3,42.0,37.0,50.0,64.0,89.0,67.0,32.0,74.3,High
SKILL_169,2026-01-01 00:02:48+00:00,2026-01-01 00:02:49+00:00,74.0,93.0,34.0,3,0,0,64.0,55.0,56.0,66.0,77.0,97.0,19.0,67.9,Medium
SKILL_170,2026-01-01 00:02:49+00:00,2026-01-01 00:02:50+00:00,46.0,77.0,43.0,3,0,1,100.0,36.0,99.0,86.0,67.0,70.0,31.0,72.4,High
SKILL_171,2026-01-01 00:02:50+00:00,2026-01-01 00:02:51+00:00,52.0,94.0,35.0,2,1,2,49.0,94.0,46.0,83.0,86.0,82.0,42.0,69.05,High
SKILL_172,2026-01-01 00:02:51+00:00,2026-01-01 00:02:52+00:00,79.0,74.0,59.0,1,1,2,41.0,86.0,48.0,49.0,65.0,79.0,0.0,71.4,Low
SKILL_173,2026-01-01 00:02:52+00:00,2026-01-01 00:02:53+00:00,61.0,41.0,64.0,1,1,3,44.0,59.0,100.0,59.0,98.0,77.0,0.0,70.05,Low
SKILL_174,2026-01-01 00:02:53+00:00,2026-01-01 00:02:54+00:00,65.0,53.0,94.0,5,1,4,86.0,37.0,75.0,40.0,69.0,57.0,0.0,87.45,Low
SKILL_175,2026-01-01 00:02:54+00:00,2026-01-01 00:02:55+00:00,42.0,60.0,54.0,3,0,3,46.0,66.0,47.0,65.0,58.0,64.0,18.0,62.5,Medium
SKILL_176,2026-01-01 00:02:55+00:00,2026-01-01 00:02:56+00:00,63.0,99.0,92.0,5,0,2,36.0,94.0,57.0,65.0,95.0,49.0,36.0,84.05,High
SKILL_177,2026-01-01 00:02:56+00:00,2026-01-01 00:02:57+00:00,68.0,49.0,31.0,5,2,1,65.0,90.0,43.0,55.0,53.0,72.0,0.0,74.15,Low
SKILL_178,2026-01-01 00:02:57+00:00,2026-01-01 00:02:58+00:00,85.0,46.0,45.0,3,0,3,38.0,74.0,51.0,86.0,73.0,96.0,0.0,72.15,Low
SKILL_179,2026-01-01 00:02:58+00:00,2026-01-01 00:02:59+00:00,94.0,77.0,79.0,4,2,4,41.0,61.0,48.0,39.0,99.0,46.0,0.0,87.95,Low
SKILL_180,2026-01-01 00:02:59+00:00,2026-01-01 00:03:00+00:00,49.0,60.0,39.0,1,2,4,99.0,47.0,87.0,79.0,76.0,80.0,11.0,76.2,Low
SKILL_181,2026-01-01 00:03:00+00:00,2026-01-01 00:03:01+00:00,69.0,88.0,89.0,2,2,4,86.0,89.0,60.0,68.0,96.0,92.0,19.0,94.45,Medium
SKILL_182,2026-01-01 00:03:01+00:00,2026-01-01 00:03:02+00:00,74.0,74.0,81.0,4,1,1,55.0,76.0,47.0,98.0,61.0,100.0,0.0,84.95,Low
SKILL_183,2026-01-01 00:03:02+00:00,2026-01-01 00:03:03+00:00,75.0,40.0,31.0,3,0,0,44.0,92.0,94.0,55.0,72.0,55.0,0.0,65.65,Low
SKILL_184,2026-01-01 00:03:03+00:00,2026-01-01 00:03:04+00:00,42.0,98.0,78.0,0,2,4,66.0,78.0,99.0,42.0,57.0,52.0,56.0,79.7,High
SKILL_185,2026-01-01 00:03:04+00:00,2026-01-01 00:03:05+00:00,35.0,84.0,80.0,2,0,4,54.0,55.0,92.0,65.0,90.0,80.0,49.0,72.45,High
SKILL_186,2026-01-01 00:03:05+00:00,2026-01-01 00:03:06+00:00,86.0,54.0,36.0,2,2,2,92.0,39.0,39.0,42.0,54.0,82.0,0.0,72.9,Low
SKILL_187,2026-01-01 00:03:06+00:00,2026-01-01 00:03:07+00:00,66.0,87.0,37.0,0,0,1,84.0,83.0,70.0,75.0,69.0,99.0,21.0,69.5,Medium
SKILL_188,2026-01-01 00:03:07+00:00,2026-01-01 00:03:08+00:00,44.0,60.0,65.0,3,2,1,47.0,87.0,66.0,50.0,76.0,76.0,16.0,70.85,Medium
SKILL_189,2026-01-01 00:03:08+00:00,2026-01-01 00:03:09+00:00,45.0,49.0,44.0,0,1,0,59.0,93.0,56.0,64.0,64.0,65.0,4.0,58.1,Low
SKILL_190,2026-01-01 00:03:09+00:00,2026-01-01 00:03:10+00:00,66.0,90.0,75.0,0,0,2,66.0,73.0,46.0,81.0,62.0,65.0,24.0,73.4,Medium
SKILL_191,2026-01-01 00:03:10+00:00,2026-01-01 00:03:11+00:00,55.0,47.0,75.0,5,2,3,56.0,56.0,63.0,47.0,62.0,46.0,0.0,78.95,Low
SKILL_192,2026-01-01 00:03:11+00:00,2026-01-01 00:03:12+00:00,86.0,66.0,79.0,2,2,3,56.0,77.0,71.0,95.0,77.0,100.0,0.0,91.1,Low
SKILL_193,2026-01-01 00:03:12+00:00,2026-01-01 00:03:13+00:00,88.0,58.0,52.0,4,1,3,59.0,42.0,92.0,50.0,52.0,45.0,0.0,80.95,Low
SKILL_194,2026-01-01 00:03:13+00:00,2026-01-01 00:03:14+00:00,39.0,42.0,94.0,3,2,1,44.0,55.0,80.0,61.0,46.0,85.0,3.0,72.45,Low
SKILL_195,2026-01-01 00:03:14+00:00,2026-01-01 00:03:15+00:00,47.0,48.0,65.0,5,1,1,92.0,88.0,46.0,48.0,78.0,97.0,1.0,76.05,Low
SKILL_196,2026-01-01 00:03:15+00:00,2026-01-01 00:03:16+00:00,45.0,55.0,85.0,2,0,1,38.0,38.0,54.0,44.0,68.0,98.0,10.0,58.55,Low
SKILL_197,2026-01-01 00:03:16+00:00,2026-01-01 00:03:17+00:00,60.0,76.0,83.0,4,1,3,94.0,91.0,79.0,54.0,61.0,99.0,16.0,91.2,Medium
SKILL_198,2026-01-01 00:03:17+00:00,2026-01-01 00:03:18+00:00,38.0,68.0,43.0,2,0,1,89.0,38.0,58.0,68.0,74.0,62.0,30.0,60.15,High
SKILL_199,2026-01-01 00:03:18+00:00,2026-01-01 00:03:19+00:00,65.0,99.0,89.0,2,0,2,56.0,58.0,64.0,92.0,82.0,97.0,34.0,80.75,High
SKILL_200,2026-01-01 00:03:19+00:00,2026-01-01 00:03:20+00:00,53.0,87.0,74.0,3,1,0,89.0,52.0,97.0,81.0,55.0,98.0,34.0,82.1,High
SKILL_201,2026-01-01 00:03:20+00:00,2026-01-01 00:03:21+00:00,67.0,56.0,33.0,3,2,2,49.0,81.0,43.0,50.0,49.0,96.0,0.0,68.7,Low
SKILL_202,2026-01-01 00:03:21+00:00,2026-01-01 00:03:22+00:00,84.0,42.0,80.0,4,2,1,69.0,80.0,60.0,98.0,81.0,64.0,0.0,90.85,Low
SKILL_203,2026-01-01 00:03:22+00:00,2026-01-01 00:03:23+00:00,55.0,49.0,93.0,4,1,1,38.0,73.0,69.0,35.0,68.0,80.0,0.0,73.15,Low
SKILL_204,2026-01-01 00:03:23+00:00,2026-01-01 00:03:24+00:00,75.0,93.0,75.0,3,0,3,58.0,70.0,64.0,58.0,88.0,86.0,18.0,81.45,Medium
SKILL_205,2026-01-01 00:03:24+00:00,2026-01-01 00:03:25+00:00,69.0,94.0,43.0,1,1,1,78.0,79.0,90.0,91.0,65.0,48.0,25.0,79.45,High
SKILL_206,2026-01-01 00:03:25+00:00,2026-01-01 00:03:26+00:00,67.0,66.0,36.0,5,2,1,66.0,54.0,49.0,82.0,51.0,65.0,0.0,76.45,Low
SKILL_207,2026-01-01 00:03:26+00:00,2026-01-01 00:03:27+00:00,60.0,83.0,43.0,0,0,1,55.0,37.0,71.0,83.0,63.0,95.0,23.0,60.75,Medium
SKILL_208,2026-01-01 00:03:27+00:00,2026-01-01 00:03:28+00:00,91.0,80.0,62.0,1,0,3,67.0,58.0,95.0,95.0,78.0,72.0,0.0,84.5,Low
SKILL_209,2026-01-01 00:03:28+00:00,2026-01-01 00:03:29+00:00,75.0,78.0,78.0,0,1,1,99.0,39.0,36.0,56.0,92.0,46.0,3.0,74.6,Low
SKILL_210,2026-01-01 00:03:29+00:00,2026-01-01 00:03:30+00:00,68.0,55.0,80.0,4,2,3,74.0,72.0,94.0,93.0,54.0,79.0,0.0,94.0,Low
SKILL_211,2026-01-01 00:03:30+00:00,2026-01-01 00:03:31+00:00,83.0,71.0,36.0,4,1,3,49.0,48.0,61.0,74.0,72.0,70.0,0.0,76.2,Low
SKILL_212,2026-01-01 00:03:31+00:00,2026-01-01 00:03:32+00:00,36.0,64.0,32.0,3,0,1,40.0,73.0,86.0,57.0,69.0,94.0,28.0,56.9,High
SKILL_213,2026-01-01 00:03:32+00:00,2026-01-01 00:03:33+00:00,53.0,44.0,80.0,2,1,3,75.0,70.0,89.0,43.0,91.0,59.0,0.0,76.6,Low
SKILL_214,2026-01-01 00:03:33+00:00,2026-01-01 00:03:34+00:00,80.0,79.0,71.0,3,1,3,36.0,41.0,37.0,37.0,71.0,94.0,0.0,72.5,Low
SKILL_215,2026-01-01 00:03:34+00:00,2026-01-01 00:03:35+00:00,74.0,77.0,62.0,3,0,4,66.0,82.0,38.0,53.0,76.0,53.0,3.0,77.8,Low
SKILL_216,2026-01-01 00:03:35+00:00,2026-01-01 00:03:36+00:00,45.0,85.0,45.0,0,2,4,55.0,64.0,47.0,68.0,48.0,72.0,40.0,66.9,High
SKILL_217,2026-01-01 00:03:36+00:00,2026-01-01 00:03:37+00:00,92.0,70.0,88.0,2,0,0,37.0,59.0,54.0,68.0,70.0,49.0,0.0,75.25,Low
SKILL_218,2026-01-01 00:03:37+00:00,2026-01-01 00:03:38+00:00,95.0,67.0,38.0,3,1,1,40.0,94.0,78.0,45.0,46.0,91.0,0.0,76.25,Low
SKILL_219,2026-01-01 00:03:38+00:00,2026-01-01 00:03:39+00:00,78.0,48.0,32.0,3,1,1,55.0,62.0,96.0,67.0,65.0,79.0,0.0,71.95,Low
SKILL_220,2026-01-01 00:03:39+00:00,2026-01-01 00:03:40+00:00,68.0,80.0,80.0,1,1,2,91.0,57.0,82.0,56.0,61.0,49.0,12.0,82.15,Medium
SKILL_221,2026-01-01 00:03:40+00:00,2026-01-01 00:03:41+00:00,45.0,69.0,44.0,2,2,0,50.0,68.0,100.0,74.0,100.0,72.0,24.0,68.65,Medium
SKILL_222,2026-01-01 00:03:41+00:00,2026-01-01 00:03:42+00:00,73.0,45.0,49.0,3,0,2,38.0,92.0,59.0,81.0,82.0,59.0,0.0,70.45,Low
SKILL_223,2026-01-01 00:03:42+00:00,2026-01-01 00:03:43+00:00,91.0,92.0,82.0,5,1,3,51.0,73.0,43.0,40.0,71.0,67.0,1.0,89.1,Low
SKILL_224,2026-01-01 00:03:43+00:00,2026-01-01 00:03:44+00:00,90.0,85.0,67.0,5,0,2,53.0,64.0,59.0,74.0,68.0,58.0,0.0,85.05,Low
SKILL_225,2026-01-01 00:03:44+00:00,2026-01-01 00:03:45+00:00,57.0,61.0,77.0,0,2,2,37.0,76.0,53.0,62.0,64.0,89.0,4.0,69.4,Low
SKILL_226,2026-01-01 00:03:45+00:00,2026-01-01 00:03:46+00:00,48.0,48.0,48.0,3,1,4,95.0,70.0,74.0,64.0,53.0,77.0,0.0,76.45,Low
SKILL_227,2026-01-01 00:03:46+00:00,2026-01-01 00:03:47+00:00,59.0,53.0,82.0,2,0,2,75.0,42.0,36.0,75.0,100.0,99.0,0.0,70.0,Low
SKILL_228,2026-01-01 00:03:47+00:00,2026-01-01 00:03:48+00:00,63.0,88.0,77.0,5,2,2,98.0,84.0,55.0,82.0,64.0,81.0,25.0,95.75,High
SKILL_229,2026-01-01 00:03:48+00:00,2026-01-01 00:03:49+00:00,78.0,72.0,90.0,0,2,0,99.0,42.0,79.0,81.0,84.0,56.0,0.0,85.75,Low
SKILL_230,2026-01-01 00:03:49+00:00,2026-01-01 00:03:50+00:00,80.0,86.0,44.0,0,2,1,86.0,56.0,55.0,85.0,82.0,64.0,6.0,77.4,Low
SKILL_231,2026-01-01 00:03:50+00:00,2026-01-01 00:03:51+00:00,38.0,94.0,57.0,3,1,3,79.0,100.0,68.0,89.0,85.0,45.0,56.0,81.35,High
SKILL_232,2026-01-01 00:03:51+00:00,2026-01-01 00:03:52+00:00,57.0,77.0,35.0,5,0,1,51.0,95.0,46.0,40.0,70.0,71.0,20.0,66.2,Medium
SKILL_233,2026-01-01 00:03:52+00:00,2026-01-01 00:03:53+00:00,53.0,99.0,94.0,0,0,4,74.0,48.0,69.0,82.0,89.0,64.0,46.0,78.95,High
SKILL_234,2026-01-01 00:03:53+00:00,2026-01-01 00:03:54+00:00,47.0,77.0,78.0,5,0,2,54.0,73.0,83.0,98.0,86.0,87.0,30.0,81.55,High
SKILL_235,2026-01-01 00:03:54+00:00,2026-01-01 00:03:55+00:00,43.0,63.0,66.0,0,0,0,55.0,85.0,93.0,73.0,99.0,85.0,20.0,63.6,Medium
SKILL_236,2026-01-01 00:03:55+00:00,2026-01-01 00:03:56+00:00,47.0,50.0,48.0,2,0,4,35.0,74.0,53.0,95.0,97.0,89.0,3.0,63.8,Low
SKILL_237,2026-01-01 00:03:56+00:00,2026-01-01 00:03:57+00:00,95.0,87.0,62.0,4,1,3,42.0,59.0,80.0,64.0,89.0,91.0,0.0,86.95,Low
SKILL_238,2026-01-01 00:03:57+00:00,2026-01-01 00:03:58+00:00,81.0,59.0,47.0,1,1,0,70.0,53.0,62.0,74.0,64.0,93.0,0.0,69.95,Low
SKILL_239,2026-01-01 00:03:58+00:00,2026-01-01 00:03:59+00:00,46.0,97.0,44.0,0,2,1,97.0,63.0,100.0,85.0,55.0,57.0,51.0,76.85,High
SKILL_240,2026-01-01 00:03:59+00:00,2026-01-01 00:04:00+00:00,48.0,57.0,80.0,5,0,0,73.0,62.0,37.0,61.0,97.0,46.0,9.0,70.65,Low
SKILL_241,2026-01-01 00:04:00+00:00,2026-01-01 00:04:01+00:00,37.0,55.0,69.0,1,0,0,46.0,69.0,99.0,89.0,89.0,59.0,18.0,63.15,Medium
SKILL_242,2026-01-01 00:04:01+00:00,2026-01-01 00:04:02+00:00,55.0,88.0,54.0,0,1,3,55.0,88.0,52.0,70.0,79.0,89.0,33.0,70.1,High
SKILL_243,2026-01-01 00:04:02+00:00,2026-01-01 00:04:03+00:00,87.0,77.0,59.0,3,1,2,62.0,78.0,75.0,97.0,67.0,84.0,0.0,87.55,Low
SKILL_244,2026-01-01 00:04:03+00:00,2026-01-01 00:04:04+00:00,82.0,71.0,86.0,5,0,1,90.0,62.0,71.0,41.0,48.0,81.0,0.0,87.2,Low
SKILL_245,2026-01-01 00:04:04+00:00,2026-01-01 00:04:05+00:00,35.0,86.0,49.0,2,0,1,94.0,52.0,69.0,77.0,91.0,75.0,51.0,66.55,High
SKILL_246,2026-01-01 00:04:05+00:00,2026-01-01 00:04:06+00:00,83.0,88.0,67.0,4,1,3,90.0,99.0,65.0,38.0,93.0,89.0,5.0,92.15,Low
SKILL_247,2026-01-01 00:04:06+00:00,2026-01-01 00:04:07+00:00,39.0,69.0,88.0,2,2,4,38.0,60.0,61.0,80.0,98.0,87.0,30.0,76.05,High
SKILL_248,2026-01-01 00:04:07+00:00,2026-01-01 00:04:08+00:00,85.0,89.0,35.0,2,0,4,64.0,76.0,71.0,76.0,81.0,79.0,4.0,79.05,Low
SKILL_249,2026-01-01 00:04:08+00:00,2026-01-01 00:04:09+00:00,38.0,57.0,58.0,4,2,3,51.0,56.0,71.0,83.0,57.0,78.0,19.0,73.95,Medium
SKILL_250,2026-01-01 00:04:09+00:00,2026-01-01 00:04:10+00:00,56.0,92.0,80.0,2,1,1,66.0,85.0,80.0,55.0,88.0,55.0,36.0,79.6,High
SKILL_251,2026-01-01 00:04:10+00:00,2026-01-01 00:04:11+00:00,38.0,90.0,30.0,3,2,4,47.0,45.0,85.0,51.0,79.0,62.0,52.0,67.65,High
SKILL_252,2026-01-01 00:04:11+00:00,2026-01-01 00:04:12+00:00,56.0,96.0,53.0,1,2,4,42.0,62.0,39.0,51.0,81.0,80.0,40.0,69.7,High
SKILL_253,2026-01-01 00:04:12+00:00,2026-01-01 00:04:13+00:00,61.0,92.0,40.0,5,0,3,55.0,45.0,39.0,90.0,64.0,85.0,31.0,72.6,High
SKILL_254,2026-01-01 00:04:13+00:00,2026-01-01 00:04:14+00:00,92.0,51.0,46.0,2,2,1,82.0,86.0,89.0,67.0,68.0,67.0,0.0,85.3,Low
SKILL_255,2026-01-01 00:04:14+00:00,2026-01-01 00:04:15+00:00,61.0,50.0,93.0,0,2,1,85.0,87.0,85.0,81.0,91.0,48.0,0.0,84.4,Low
SKILL_256,2026-01-01 00:04:15+00:00,2026-01-01 00:04:16+00:00,79.0,74.0,77.0,0,0,0,53.0,97.0,72.0,93.0,49.0,57.0,0.0,76.7,Low
SKILL_257,2026-01-01 00:04:16+00:00,2026-01-01 00:04:17+00:00,80.0,70.0,51.0,4,1,2,88.0,44.0,76.0,98.0,65.0,60.0,0.0,86.2,Low
SKILL_258,2026-01-01 00:04:17+00:00,2026-01-01 00:04:18+00:00,36.0,80.0,53.0,2,1,0,81.0,69.0,53.0,42.0,70.0,93.0,44.0,63.15,High
SKILL_259,2026-01-01 00:04:18+00:00,2026-01-01 00:04:19+00:00,41.0,69.0,36.0,2,0,3,59.0,71.0,35.0,49.0,81.0,57.0,28.0,57.2,High
SKILL_260,2026-01-01 00:04:19+00:00,2026-01-01 00:04:20+00:00,42.0,44.0,89.0,0,2,0,70.0,69.0,100.0,97.0,84.0,67.0,2.0,75.8,Low
SKILL_261,2026-01-01 00:04:20+00:00,2026-01-01 00:04:21+00:00,68.0,85.0,33.0,5,2,2,37.0,48.0,94.0,79.0,76.0,78.0,17.0,78.75,Medium
SKILL_262,2026-01-01 00:04:21+00:00,2026-01-01 00:04:22+00:00,95.0,58.0,45.0,1,0,1,50.0,94.0,100.0,100.0,70.0,57.0,0.0,78.95,Low
SKILL_263,2026-01-01 00:04:22+00:00,2026-01-01 00:04:23+00:00,65.0,99.0,63.0,2,2,2,87.0,73.0,99.0,51.0,85.0,74.0,34.0,87.1,High
SKILL_264,2026-01-01 00:04:23+00:00,2026-01-01 00:04:24+00:00,55.0,58.0,82.0,2,0,0,65.0,89.0,57.0,66.0,54.0,54.0,3.0,70.9,Low
SKILL_265,2026-01-01 00:04:24+00:00,2026-01-01 00:04:25+00:00,42.0,93.0,81.0,3,1,1,62.0,87.0,58.0,56.0,74.0,48.0,51.0,75.9,High
SKILL_266,2026-01-01 00:04:25+00:00,2026-01-01 00:04:26+00:00,93.0,62.0,37.0,1,2,1,83.0,91.0,60.0,52.0,76.0,66.0,0.0,79.1,Low
SKILL_267,2026-01-01 00:04:26+00:00,2026-01-01 00:04:27+00:00,51.0,62.0,79.0,0,1,4,78.0,98.0,63.0,62.0,55.0,45.0,11.0,77.75,Low
SKILL_268,2026-01-01 00:04:27+00:00,2026-01-01 00:04:28+00:00,53.0,48.0,56.0,1,1,2,47.0,83.0,90.0,85.0,81.0,61.0,0.0,70.1,Low
SKILL_269,2026-01-01 00:04:28+00:00,2026-01-01 00:04:29+00:00,94.0,66.0,84.0,1,2,4,55.0,47.0,67.0,58.0,88.0,55.0,0.0,86.35,Low
SKILL_270,2026-01-01 00:04:29+00:00,2026-01-01 00:04:30+00:00,38.0,86.0,54.0,5,0,4,46.0,71.0,76.0,51.0,81.0,98.0,48.0,71.6,High
SKILL_271,2026-01-01 00:04:30+00:00,2026-01-01 00:04:31+00:00,73.0,67.0,70.0,2,2,1,47.0,47.0,65.0,36.0,60.0,53.0,0.0,72.3,Low
SKILL_272,2026-01-01 00:04:31+00:00,2026-01-01 00:04:32+00:00,72.0,50.0,83.0,5,0,3,79.0,68.0,43.0,42.0,51.0,80.0,0.0,81.25,Low
SKILL_273,2026-01-01 00:04:32+00:00,2026-01-01 00:04:33+00:00,37.0,67.0,73.0,4,1,0,55.0,47.0,91.0,83.0,98.0,98.0,30.0,71.9,High
SKILL_274,2026-01-01 00:04:33+00:00,2026-01-01 00:04:34+00:00,87.0,83.0,76.0,4,1,4,71.0,58.0,36.0,48.0,54.0,79.0,0.0,87.1,Low
SKILL_275,2026-01-01 00:04:34+00:00,2026-01-01 00:04:35+00:00,81.0,77.0,46.0,3,1,3,58.0,63.0,77.0,59.0,80.0,70.0,0.0,79.25,Low
SKILL_276,2026-01-01 00:04:35+00:00,2026-01-01 00:04:36+00:00,35.0,59.0,57.0,0,1,3,61.0,87.0,76.0,93.0,91.0,74.0,24.0,68.3,Medium
SKILL_277,2026-01-01 00:04:36+00:00,2026-01-01 00:04:37+00:00,68.0,76.0,35.0,4,0,0,89.0,92.0,41.0,91.0,56.0,60.0,8.0,75.35,Low
SKILL_278,2026-01-01 00:04:37+00:00,2026-01-01 00:04:38+00:00,77.0,92.0,36.0,3,2,2,66.0,42.0,79.0,93.0,48.0,84.0,15.0,81.95,Medium
SKILL_279,2026-01-01 00:04:38+00:00,2026-01-01 00:04:39+00:00,63.0,80.0,58.0,1,1,3,78.0,38.0,43.0,39.0,100.0,76.0,17.0,68.55,Medium
SKILL_280,2026-01-01 00:04:39+00:00,2026-01-01 00:04:40+00:00,84.0,50.0,44.0,3,1,0,51.0,93.0,91.0,60.0,69.0,54.0,0.0,75.85,Low
SKILL_281,2026-01-01 00:04:40+00:00,2026-01-01 00:04:41+00:00,53.0,50.0,82.0,3,2,3,99.0,83.0,81.0,86.0,82.0,68.0,0.0,91.0,Low
SKILL_282,2026-01-01 00:04:41+00:00,2026-01-01 00:04:42+00:00,65.0,80.0,75.0,1,1,0,39.0,86.0,88.0,67.0,94.0,82.0,15.0,74.2,Medium
SKILL_283,2026-01-01 00:04:42+00:00,2026-01-01 00:04:43+00:00,49.0,71.0,90.0,1,0,4,40.0,72.0,96.0,96.0,62.0,58.0,22.0,77.75,Medium
SKILL_284,2026-01-01 00:04:43+00:00,2026-01-01 00:04:44+00:00,80.0,52.0,32.0,5,1,4,42.0,78.0,67.0,84.0,55.0,75.0,0.0,79.8,Low
SKILL_285,2026-01-01 00:04:44+00:00,2026-01-01 00:04:45+00:00,40.0,80.0,45.0,3,2,3,82.0,90.0,98.0,93.0,70.0,56.0,40.0,83.9,High
SKILL_286,2026-01-01 00:04:45+00:00,2026-01-01 00:04:46+00:00,71.0,64.0,47.0,2,2,1,60.0,40.0,38.0,63.0,78.0,61.0,0.0,68.15,Low
SKILL_287,2026-01-01 00:04:46+00:00,2026-01-01 00:04:47+00:00,77.0,92.0,95.0,1,2,4,42.0,99.0,77.0,73.0,61.0,64.0,15.0,92.65,Medium
SKILL_288,2026-01-01 00:04:47+00:00,2026-01-01 00:04:48+00:00,56.0,68.0,73.0,0,0,1,70.0,62.0,76.0,77.0,65.0,68.0,12.0,68.9,Medium
SKILL_289,2026-01-01 00:04:48+00:00,2026-01-01 00:04:49+00:00,94.0,79.0,95.0,2,1,4,61.0,47.0,79.0,44.0,80.0,53.0,0.0,89.55,Low
SKILL_290,2026-01-01 00:04:49+00:00,2026-01-01 00:04:50+00:00,85.0,40.0,61.0,0,0,0,54.0,69.0,51.0,52.0,89.0,96.0,0.0,62.75,Low
SKILL_291,2026-01-01 00:04:50+00:00,2026-01-01 00:04:51+00:00,87.0,66.0,94.0,1,0,1,60.0,54.0,44.0,93.0,55.0,85.0,0.0,78.75,Low
SKILL_292,2026-01-01 00:04:51+00:00,2026-01-01 00:04:52+00:00,39.0,97.0,94.0,0,1,1,75.0,45.0,90.0,85.0,65.0,79.0,58.0,76.0,High
SKILL_293,2026-01-01 00:04:52+00:00,2026-01-01 00:04:53+00:00,60.0,90.0,48.0,4,2,1,74.0,39.0,55.0,38.0,67.0,86.0,30.0,73.4,High
SKILL_294,2026-01-01 00:04:53+00:00,2026-01-01 00:04:54+00:00,49.0,89.0,37.0,0,2,3,49.0,71.0,35.0,58.0,71.0,84.0,40.0,62.8,High
SKILL_295,2026-01-01 00:04:54+00:00,2026-01-01 00:04:55+00:00,68.0,68.0,53.0,1,2,1,91.0,83.0,87.0,57.0,89.0,49.0,0.0,80.25,Low
SKILL_296,2026-01-01 00:04:55+00:00,2026-01-01 00:04:56+00:00,91.0,96.0,89.0,5,1,4,91.0,44.0,74.0,41.0,83.0,82.0,5.0,98.7,Low
SKILL_297,2026-01-01 00:04:56+00:00,2026-01-01 00:04:57+00:00,37.0,90.0,76.0,3,1,2,70.0,75.0,47.0,92.0,94.0,74.0,53.0,77.35,High
SKILL_298,2026-01-01 00:04:57+00:00,2026-01-01 00:04:58+00:00,59.0,87.0,56.0,2,1,0,81.0,73.0,50.0,56.0,65.0,98.0,28.0,71.7,High
SKILL_299,2026-01-01 00:04:58+00:00,2026-01-01 00:04:59+00:00,83.0,55.0,88.0,1,1,2,68.0,43.0,45.0,44.0,66.0,61.0,0.0,75.25,Low
SKILL_300,2026-01-01 00:04:59+00:00,2026-01-01 00:05:00+00:00,82.0,91.0,54.0,2,0,4,99.0,97.0,85.0,70.0,61.0,85.0,9.0,90.45,Low
SKILL_301,2026-01-01 00:05:00+00:00,2026-01-01 00:05:01+00:00,74.0,54.0,68.0,2,1,0,57.0,73.0,91.0,68.0,85.0,73.0,0.0,76.25,Low
SKILL_302,2026-01-01 00:05:01+00:00,2026-01-01 00:05:02+00:00,47.0,45.0,35.0,3,0,2,97.0,83.0,81.0,89.0,45.0,61.0,0.0,72.1,Low
SKILL_303,2026-01-01 00:05:02+00:00,2026-01-01 00:05:03+00:00,60.0,54.0,61.0,3,1,0,77.0,69.0,92.0,67.0,58.0,78.0,0.0,75.95,Low
SKILL_304,2026-01-01 00:05:03+00:00,2026-01-01 00:05:04+00:00,58.0,98.0,58.0,2,1,0,83.0,74.0,99.0,61.0,60.0,50.0,40.0,78.75,High
SKILL_305,2026-01-01 00:05:04+00:00,2026-01-01 00:05:05+00:00,47.0,87.0,93.0,5,2,2,77.0,54.0,78.0,57.0,46.0,100.0,40.0,88.5,High
SKILL_306,2026-01-01 00:05:05+00:00,2026-01-01 00:05:06+00:00,91.0,76.0,36.0,5,2,2,50.0,85.0,46.0,87.0,55.0,49.0,0.0,85.85,Low
SKILL_307,2026-01-01 00:05:06+00:00,2026-01-01 00:05:07+00:00,51.0,45.0,34.0,0,1,4,93.0,67.0,96.0,84.0,92.0,85.0,0.0,71.7,Low
SKILL_308,2026-01-01 00:05:07+00:00,2026-01-01 00:05:08+00:00,56.0,44.0,95.0,5,2,3,67.0,47.0,88.0,41.0,59.0,67.0,0.0,85.55,Low
SKILL_309,2026-01-01 00:05:08+00:00,2026-01-01 00:05:09+00:00,57.0,58.0,83.0,4,0,1,97.0,91.0,42.0,96.0,73.0,54.0,1.0,83.6,Low
SKILL_310,2026-01-01 00:05:09+00:00,2026-01-01 00:05:10+00:00,36.0,45.0,87.0,4,1,0,75.0,83.0,83.0,37.0,54.0,78.0,9.0,73.45,Low
SKILL_311,2026-01-01 00:05:10+00:00,2026-01-01 00:05:11+00:00,50.0,41.0,53.0,1,1,1,77.0,89.0,73.0,63.0,91.0,82.0,0.0,67.75,Low
SKILL_312,2026-01-01 00:05:11+00:00,2026-01-01 00:05:12+00:00,61.0,80.0,83.0,3,2,3,100.0,64.0,87.0,68.0,66.0,47.0,19.0,93.25,Medium
SKILL_313,2026-01-01 00:05:12+00:00,2026-01-01 00:05:13+00:00,49.0,66.0,39.0,0,0,0,93.0,93.0,36.0,63.0,48.0,45.0,17.0,59.8,Medium
SKILL_314,2026-01-01 00:05:13+00:00,2026-01-01 00:05:14+00:00,60.0,64.0,39.0,4,2,2,56.0,85.0,82.0,55.0,100.0,66.0,4.0,76.8,Low
SKILL_315,2026-01-01 00:05:14+00:00,2026-01-01 00:05:15+00:00,68.0,69.0,54.0,4,0,0,79.0,41.0,83.0,43.0,80.0,63.0,1.0,71.25,Low
SKILL_316,2026-01-01 00:05:15+00:00,2026-01-01 00:05:16+00:00,44.0,75.0,75.0,1,1,0,61.0,88.0,84.0,69.0,96.0,65.0,31.0,71.75,High
SKILL_317,2026-01-01 00:05:16+00:00,2026-01-01 00:05:17+00:00,49.0,43.0,56.0,1,2,3,51.0,77.0,75.0,76.0,94.0,64.0,0.0,70.7,Low
SKILL_318,2026-01-01 00:05:17+00:00,2026-01-01 00:05:18+00:00,74.0,78.0,52.0,3,2,0,77.0,82.0,68.0,74.0,55.0,94.0,4.0,82.65,Low
SKILL_319,2026-01-01 00:05:18+00:00,2026-01-01 00:05:19+00:00,92.0,72.0,45.0,1,1,1,72.0,53.0,70.0,93.0,57.0,100.0,0.0,78.1,Low
SKILL_320,2026-01-01 00:05:19+00:00,2026-01-01 00:05:20+00:00,37.0,49.0,94.0,2,1,2,40.0,73.0,94.0,62.0,77.0,98.0,12.0,71.85,Medium
SKILL_321,2026-01-01 00:05:20+00:00,2026-01-01 00:05:21+00:00,43.0,57.0,85.0,2,0,1,95.0,92.0,94.0,74.0,80.0,94.0,14.0,79.2,Medium
SKILL_322,2026-01-01 00:05:21+00:00,2026-01-01 00:05:22+00:00,71.0,54.0,47.0,1,2,2,92.0,91.0,38.0,41.0,87.0,98.0,0.0,74.35,Low
SKILL_323,2026-01-01 00:05:22+00:00,2026-01-01 00:05:23+00:00,62.0,54.0,30.0,2,1,1,35.0,72.0,63.0,39.0,93.0,54.0,0.0,58.05,Low
SKILL_324,2026-01-01 00:05:23+00:00,2026-01-01 00:05:24+00:00,41.0,42.0,76.0,3,2,2,35.0,46.0,94.0,61.0,100.0,86.0,1.0,70.0,Low
SKILL_325,2026-01-01 00:05:24+00:00,2026-01-01 00:05:25+00:00,58.0,64.0,84.0,5,2,4,70.0,83.0,92.0,73.0,60.0,77.0,6.0,95.0,Low
SKILL_326,2026-01-01 00:05:25+00:00,2026-01-01 00:05:26+00:00,55.0,48.0,35.0,2,0,2,73.0,56.0,75.0,39.0,86.0,67.0,0.0,60.5,Low
SKILL_327,2026-01-01 00:05:26+00:00,2026-01-01 00:05:27+00:00,46.0,62.0,59.0,0,2,0,63.0,71.0,47.0,66.0,90.0,96.0,16.0,63.35,Medium
SKILL_328,2026-01-01 00:05:27+00:00,2026-01-01 00:05:28+00:00,82.0,62.0,74.0,0,2,4,100.0,40.0,52.0,56.0,98.0,77.0,0.0,83.3,Low
SKILL_329,2026-01-01 00:05:28+00:00,2026-01-01 00:05:29+00:00,77.0,71.0,71.0,2,1,1,44.0,70.0,68.0,62.0,55.0,58.0,0.0,75.65,Low
SKILL_330,2026-01-01 00:05:29+00:00,2026-01-01 00:05:30+00:00,89.0,86.0,48.0,5,2,3,58.0,43.0,81.0,67.0,77.0,63.0,0.0,88.75,Low
SKILL_331,2026-01-01 00:05:30+00:00,2026-01-01 00:05:31+00:00,44.0,79.0,76.0,1,0,4,84.0,47.0,35.0,68.0,73.0,92.0,35.0,69.7,High
SKILL_332,2026-01-01 00:05:31+00:00,2026-01-01 00:05:32+00:00,47.0,87.0,78.0,4,0,4,73.0,60.0,51.0,47.0,49.0,70.0,40.0,76.8,High
SKILL_333,2026-01-01 00:05:32+00:00,2026-01-01 00:05:33+00:00,37.0,46.0,87.0,0,2,4,99.0,96.0,51.0,77.0,69.0,47.0,9.0,80.5,Low
SKILL_334,2026-01-01 00:05:33+00:00,2026-01-01 00:05:34+00:00,63.0,92.0,61.0,1,0,3,90.0,99.0,75.0,85.0,98.0,85.0,29.0,83.05,High
SKILL_335,2026-01-01 00:05:34+00:00,2026-01-01 00:05:35+00:00,48.0,68.0,48.0,1,0,4,49.0,37.0,45.0,87.0,90.0,74.0,20.0,60.65,Medium
SKILL_336,2026-01-01 00:05:35+00:00,2026-01-01 00:05:36+00:00,52.0,90.0,77.0,1,1,3,91.0,70.0,91.0,83.0,89.0,62.0,38.0,84.95,High
SKILL_337,2026-01-01 00:05:36+00:00,2026-01-01 00:05:37+00:00,47.0,84.0,49.0,4,2,1,37.0,88.0,98.0,74.0,99.0,48.0,37.0,77.0,High
SKILL_338,2026-01-01 00:05:37+00:00,2026-01-01 00:05:38+00:00,45.0,97.0,59.0,2,1,0,43.0,65.0,95.0,82.0,69.0,80.0,52.0,70.4,High
SKILL_339,2026-01-01 00:05:38+00:00,2026-01-01 00:05:39+00:00,43.0,97.0,87.0,4,0,1,98.0,78.0,63.0,93.0,51.0,72.0,54.0,85.45,High
SKILL_340,2026-01-01 00:05:39+00:00,2026-01-01 00:05:40+00:00,62.0,45.0,58.0,1,0,2,55.0,98.0,70.0,96.0,86.0,56.0,0.0,71.25,Low
SKILL_341,2026-01-01 00:05:40+00:00,2026-01-01 00:05:41+00:00,95.0,52.0,40.0,5,2,0,74.0,93.0,36.0,44.0,88.0,55.0,0.0,81.35,Low
SKILL_342,2026-01-01 00:05:41+00:00,2026-01-01 00:05:42+00:00,50.0,56.0,31.0,1,2,1,57.0,52.0,96.0,96.0,82.0,91.0,6.0,66.75,Low
SKILL_343,2026-01-01 00:05:42+00:00,2026-01-01 00:05:43+00:00,72.0,42.0,90.0,0,1,4,62.0,55.0,47.0,61.0,80.0,51.0,0.0,74.8,Low
SKILL_344,2026-01-01 00:05:43+00:00,2026-01-01 00:05:44+00:00,73.0,92.0,33.0,5,1,4,67.0,62.0,42.0,35.0,81.0,66.0,19.0,77.0,Medium
SKILL_345,2026-01-01 00:05:44+00:00,2026-01-01 00:05:45+00:00,95.0,60.0,64.0,4,1,1,82.0,40.0,90.0,93.0,100.0,84.0,0.0,89.65,Low
SKILL_346,2026-01-01 00:05:45+00:00,2026-01-01 00:05:46+00:00,74.0,52.0,47.0,1,2,0,88.0,72.0,82.0,61.0,64.0,56.0,0.0,75.8,Low
SKILL_347,2026-01-01 00:05:46+00:00,2026-01-01 00:05:47+00:00,95.0,70.0,90.0,1,2,4,69.0,49.0,50.0,47.0,93.0,79.0,0.0,87.7,Low
SKILL_348,2026-01-01 00:05:47+00:00,2026-01-01 00:05:48+00:00,45.0,98.0,50.0,2,1,2,64.0,82.0,69.0,72.0,75.0,58.0,53.0,72.95,High
SKILL_349,2026-01-01 00:05:48+00:00,2026-01-01 00:05:49+00:00,83.0,71.0,61.0,2,1,2,37.0,44.0,59.0,95.0,73.0,63.0,0.0,75.4,Low
SKILL_350,2026-01-01 00:05:49+00:00,2026-01-01 00:05:50+00:00,36.0,49.0,90.0,2,0,3,82.0,58.0,45.0,89.0,72.0,49.0,13.0,71.9,Medium
SKILL_351,2026-01-01 00:05:50+00:00,2026-01-01 00:05:51+00:00,85.0,60.0,41.0,1,1,0,76.0,72.0,59.0,48.0,55.0,76.0,0.0,69.75,Low
SKILL_352,2026-01-01 00:05:51+00:00,2026-01-01 00:05:52+00:00,95.0,57.0,56.0,5,1,2,55.0,78.0,39.0,75.0,69.0,85.0,0.0,84.1,Low
SKILL_353,2026-01-01 00:05:52+00:00,2026-01-01 00:05:53+00:00,56.0,58.0,94.0,3,0,3,56.0,81.0,80.0,48.0,94.0,64.0,2.0,78.4,Low
SKILL_354,2026-01-01 00:05:53+00:00,2026-01-01 00:05:54+00:00,82.0,72.0,88.0,2,2,3,74.0,54.0,72.0,37.0,72.0,100.0,0.0,87.2,Low
SKILL_355,2026-01-01 00:05:54+00:00,2026-01-01 00:05:55+00:00,47.0,41.0,66.0,0,1,1,70.0,88.0,60.0,74.0,87.0,66.0,0.0,66.25,Low
SKILL_356,2026-01-01 00:05:55+00:00,2026-01-01 00:05:56+00:00,42.0,68.0,69.0,1,1,0,89.0,50.0,80.0,96.0,87.0,51.0,26.0,72.05,High
SKILL_357,2026-01-01 00:05:56+00:00,2026-01-01 00:05:57+00:00,79.0,98.0,85.0,2,0,0,69.0,85.0,71.0,91.0,52.0,59.0,19.0,85.6,Medium
SKILL_358,2026-01-01 00:05:57+00:00,2026-01-01 00:05:58+00:00,54.0,99.0,82.0,3,0,0,98.0,76.0,63.0,53.0,90.0,55.0,45.0,79.7,High
SKILL_359,2026-01-01 00:05:58+00:00,2026-01-01 00:05:59+00:00,84.0,46.0,87.0,1,2,3,84.0,44.0,66.0,86.0,59.0,81.0,0.0,87.7,Low
SKILL_360,2026-01-01 00:05:59+00:00,2026-01-01 00:06:00+00:00,37.0,76.0,69.0,3,2,2,98.0,42.0,90.0,94.0,54.0,83.0,39.0,82.95,High
SKILL_361,2026-01-01 00:06:00+00:00,2026-01-01 00:06:01+00:00,70.0,52.0,65.0,4,1,3,98.0,72.0,56.0,36.0,75.0,99.0,0.0,82.3,Low
SKILL_362,2026-01-01 00:06:01+00:00,2026-01-01 00:06:02+00:00,62.0,85.0,91.0,4,1,1,74.0,58.0,78.0,94.0,67.0,61.0,23.0,88.8,Medium
SKILL_363,2026-01-01 00:06:02+00:00,2026-01-01 00:06:03+00:00,89.0,70.0,86.0,1,0,1,43.0,56.0,47.0,82.0,62.0,95.0,0.0,74.9,Low
SKILL_364,2026-01-01 00:06:03+00:00,2026-01-01 00:06:04+00:00,74.0,56.0,44.0,1,2,4,66.0,43.0,74.0,54.0,70.0,71.0,0.0,73.9,Low
SKILL_365,2026-01-01 00:06:04+00:00,2026-01-01 00:06:05+00:00,47.0,55.0,92.0,3,1,2,94.0,82.0,52.0,50.0,99.0,83.0,8.0,80.15,Low
SKILL_366,2026-01-01 00:06:05+00:00,2026-01-01 00:06:06+00:00,93.0,64.0,91.0,4,0,0,40.0,94.0,48.0,88.0,48.0,83.0,0.0,84.85,Low
SKILL_367,2026-01-01 00:06:06+00:00,2026-01-01 00:06:07+00:00,59.0,52.0,61.0,2,1,3,87.0,62.0,37.0,56.0,76.0,82.0,0.0,72.2,Low
SKILL_368,2026-01-01 00:06:07+00:00,2026-01-01 00:06:08+00:00,89.0,47.0,91.0,0,1,2,44.0,37.0,93.0,83.0,75.0,73.0,0.0,79.05,Low
SKILL_369,2026-01-01 00:06:08+00:00,2026-01-01 00:06:09+00:00,86.0,64.0,70.0,5,0,1,56.0,38.0,47.0,79.0,86.0,94.0,0.0,78.2,Low
SKILL_370,2026-01-01 00:06:09+00:00,2026-01-01 00:06:10+00:00,54.0,91.0,83.0,3,0,0,49.0,51.0,58.0,92.0,52.0,94.0,37.0,72.65,High
SKILL_371,2026-01-01 00:06:10+00:00,2026-01-01 00:06:11+00:00,57.0,85.0,37.0,2,1,2,47.0,73.0,62.0,95.0,60.0,99.0,28.0,70.2,High
SKILL_372,2026-01-01 00:06:11+00:00,2026-01-01 00:06:12+00:00,88.0,57.0,46.0,5,2,4,47.0,77.0,55.0,89.0,61.0,84.0,0.0,88.05,Low
SKILL_373,2026-01-01 00:06:12+00:00,2026-01-01 00:06:13+00:00,86.0,54.0,81.0,1,2,4,86.0,64.0,67.0,91.0,96.0,53.0,0.0,92.2,Low
SKILL_374,2026-01-01 00:06:13+00:00,2026-01-01 00:06:14+00:00,35.0,83.0,38.0,3,0,4,91.0,42.0,61.0,96.0,56.0,45.0,48.0,70.2,High
SKILL_375,2026-01-01 00:06:14+00:00,2026-01-01 00:06:15+00:00,74.0,81.0,91.0,2,2,2,51.0,66.0,74.0,57.0,100.0,50.0,7.0,85.15,Low
SKILL_376,2026-01-01 00:06:15+00:00,2026-01-01 00:06:16+00:00,72.0,76.0,93.0,2,1,0,83.0,45.0,83.0,55.0,95.0,46.0,4.0,81.95,Low
SKILL_377,2026-01-01 00:06:16+00:00,2026-01-01 00:06:17+00:00,53.0,78.0,57.0,2,0,2,90.0,62.0,100.0,72.0,99.0,81.0,25.0,76.35,High
SKILL_378,2026-01-01 00:06:17+00:00,2026-01-01 00:06:18+00:00,86.0,43.0,78.0,2,1,4,86.0,92.0,66.0,94.0,90.0,63.0,0.0,92.5,Low
SKILL_379,2026-01-01 00:06:18+00:00,2026-01-01 00:06:19+00:00,80.0,79.0,85.0,2,0,1,82.0,74.0,97.0,38.0,82.0,88.0,0.0,83.6,Low
SKILL_380,2026-01-01 00:06:19+00:00,2026-01-01 00:06:20+00:00,81.0,55.0,85.0,3,2,4,59.0,68.0,58.0,60.0,64.0,84.0,0.0,88.2,Low
SKILL_381,2026-01-01 00:06:20+00:00,2026-01-01 00:06:21+00:00,53.0,42.0,53.0,4,2,1,61.0,49.0,69.0,87.0,88.0,70.0,0.0,73.2,Low
SKILL_382,2026-01-01 00:06:21+00:00,2026-01-01 00:06:22+00:00,68.0,62.0,79.0,3,2,3,82.0,89.0,35.0,100.0,74.0,47.0,0.0,90.2,Low
SKILL_383,2026-01-01 00:06:22+00:00,2026-01-01 00:06:23+00:00,83.0,91.0,91.0,4,0,3,72.0,49.0,86.0,80.0,69.0,65.0,8.0,92.85,Low
SKILL_384,2026-01-01 00:06:23+00:00,2026-01-01 00:06:24+00:00,40.0,88.0,76.0,3,2,1,55.0,57.0,98.0,74.0,94.0,54.0,48.0,78.65,High
SKILL_385,2026-01-01 00:06:24+00:00,2026-01-01 00:06:25+00:00,83.0,47.0,90.0,4,1,4,87.0,89.0,71.0,90.0,89.0,82.0,0.0,98.5,Low
SKILL_386,2026-01-01 00:06:25+00:00,2026-01-01 00:06:26+00:00,43.0,98.0,31.0,0,2,2,73.0,97.0,98.0,95.0,98.0,72.0,55.0,75.7,High
SKILL_387,2026-01-01 00:06:26+00:00,2026-01-01 00:06:27+00:00,73.0,70.0,87.0,4,2,1,65.0,86.0,35.0,89.0,66.0,84.0,0.0,88.9,Low
SKILL_388,2026-01-01 00:06:27+00:00,2026-01-01 00:06:28+00:00,81.0,40.0,94.0,0,2,1,88.0,76.0,55.0,56.0,82.0,79.0,0.0,82.45,Low
SKILL_389,2026-01-01 00:06:28+00:00,2026-01-01 00:06:29+00:00,50.0,47.0,91.0,0,0,1,47.0,51.0,72.0,79.0,50.0,79.0,0.0,64.15,Low
SKILL_390,2026-01-01 00:06:29+00:00,2026-01-01 00:06:30+00:00,48.0,86.0,90.0,5,0,2,47.0,65.0,69.0,94.0,50.0,49.0,38.0,81.45,High
SKILL_391,2026-01-01 00:06:30+00:00,2026-01-01 00:06:31+00:00,57.0,64.0,63.0,1,2,4,54.0,40.0,93.0,98.0,94.0,62.0,7.0,78.45,Low
SKILL_392,2026-01-01 00:06:31+00:00,2026-01-01 00:06:32+00:00,51.0,96.0,43.0,5,0,3,49.0,53.0,97.0,69.0,61.0,79.0,45.0,74.7,High
SKILL_393,2026-01-01 00:06:32+00:00,2026-01-01 00:06:33+00:00,54.0,75.0,64.0,1,0,4,51.0,84.0,99.0,66.0,80.0,57.0,21.0,74.35,Medium
SKILL_394,2026-01-01 00:06:33+00:00,2026-01-01 00:06:34+00:00,92.0,53.0,66.0,5,2,3,50.0,96.0,38.0,79.0,70.0,72.0,0.0,90.8,Low
SKILL_395,2026-01-01 00:06:34+00:00,2026-01-01 00:06:35+00:00,36.0,70.0,32.0,5,2,2,65.0,79.0,100.0,42.0,51.0,100.0,34.0,73.25,High
SKILL_396,2026-01-01 00:06:35+00:00,2026-01-01 00:06:36+00:00,85.0,78.0,86.0,2,1,1,52.0,73.0,94.0,77.0,89.0,67.0,0.0,86.95,Low
SKILL_397,2026-01-01 00:06:36+00:00,2026-01-01 00:06:37+00:00,64.0,45.0,85.0,1,0,3,38.0,57.0,40.0,66.0,86.0,62.0,0.0,66.0,Low
SKILL_398,2026-01-01 00:06:37+00:00,2026-01-01 00:06:38+00:00,74.0,97.0,35.0,2,2,2,45.0,77.0,51.0,38.0,48.0,61.0,23.0,71.55,Medium
SKILL_399,2026-01-01 00:06:38+00:00,2026-01-01 00:06:39+00:00,53.0,44.0,61.0,5,1,2,56.0,99.0,56.0,45.0,57.0,86.0,0.0,74.25,Low
SKILL_400,2026-01-01 00:06:39+00:00,2026-01-01 00:06:40+00:00,43.0,99.0,43.0,0,1,0,57.0,81.0,81.0,64.0,69.0,72.0,56.0,63.4,High
SKILL_401,2026-01-01 00:06:40+00:00,2026-01-01 00:06:41+00:00,79.0,95.0,54.0,1,1,1,92.0,75.0,59.0,82.0,78.0,54.0,16.0,81.95,Medium
SKILL_402,2026-01-01 00:06:41+00:00,2026-01-01 00:06:42+00:00,45.0,50.0,50.0,5,0,0,98.0,98.0,36.0,76.0,62.0,98.0,5.0,71.95,Low
SKILL_403,2026-01-01 00:06:42+00:00,2026-01-01 00:06:43+00:00,50.0,88.0,47.0,2,0,2,50.0,40.0,91.0,81.0,91.0,92.0,38.0,66.4,High
SKILL_404,2026-01-01 00:06:43+00:00,2026-01-01 00:06:44+00:00,46.0,99.0,33.0,5,1,1,93.0,61.0,61.0,41.0,91.0,99.0,53.0,72.75,High
SKILL_405,2026-01-01 00:06:44+00:00,2026-01-01 00:06:45+00:00,74.0,99.0,41.0,4,1,2,51.0,97.0,70.0,42.0,49.0,70.0,25.0,79.15,High
SKILL_406,2026-01-01 00:06:45+00:00,2026-01-01 00:06:46+00:00,70.0,67.0,76.0,3,0,1,86.0,71.0,63.0,49.0,80.0,91.0,0.0,78.1,Low
SKILL_407,2026-01-01 00:06:46+00:00,2026-01-01 00:06:47+00:00,86.0,58.0,50.0,4,2,3,63.0,54.0,59.0,97.0,80.0,46.0,0.0,86.25,Low
SKILL_408,2026-01-01 00:06:47+00:00,2026-01-01 00:06:48+00:00,52.0,44.0,83.0,3,1,4,53.0,68.0,47.0,77.0,98.0,73.0,0.0,76.15,Low
SKILL_409,2026-01-01 00:06:48+00:00,2026-01-01 00:06:49+00:00,56.0,91.0,81.0,3,0,2,53.0,72.0,91.0,54.0,53.0,76.0,35.0,77.95,High
SKILL_410,2026-01-01 00:06:49+00:00,2026-01-01 00:06:50+00:00,84.0,57.0,34.0,3,2,2,71.0,56.0,92.0,78.0,78.0,57.0,0.0,81.75,Low
SKILL_411,2026-01-01 00:06:50+00:00,2026-01-01 00:06:51+00:00,43.0,81.0,36.0,3,2,1,65.0,69.0,91.0,95.0,75.0,63.0,38.0,74.8,High
SKILL_412,2026-01-01 00:06:51+00:00,2026-01-01 00:06:52+00:00,93.0,91.0,39.0,1,1,3,51.0,50.0,50.0,80.0,83.0,97.0,0.0,75.3,Low
SKILL_413,2026-01-01 00:06:52+00:00,2026-01-01 00:06:53+00:00,58.0,40.0,40.0,4,2,1,84.0,46.0,99.0,81.0,72.0,97.0,0.0,77.2,Low
SKILL_414,2026-01-01 00:06:53+00:00,2026-01-01 00:06:54+00:00,41.0,41.0,53.0,3,2,1,74.0,84.0,77.0,46.0,47.0,86.0,0.0,70.25,Low
SKILL_415,2026-01-01 00:06:54+00:00,2026-01-01 00:06:55+00:00,88.0,41.0,78.0,1,1,3,72.0,62.0,59.0,44.0,86.0,84.0,0.0,78.5,Low
SKILL_416,2026-01-01 00:06:55+00:00,2026-01-01 00:06:56+00:00,47.0,95.0,71.0,4,1,4,56.0,91.0,61.0,75.0,60.0,78.0,48.0,83.55,High
SKILL_417,2026-01-01 00:06:56+00:00,2026-01-01 00:06:57+00:00,46.0,79.0,39.0,0,1,3,73.0,94.0,100.0,99.0,95.0,80.0,33.0,74.95,High
SKILL_418,2026-01-01 00:06:57+00:00,2026-01-01 00:06:58+00:00,65.0,96.0,95.0,4,2,3,62.0,58.0,55.0,44.0,90.0,58.0,31.0,88.35,High
SKILL_419,2026-01-01 00:06:58+00:00,2026-01-01 00:06:59+00:00,52.0,63.0,43.0,1,1,3,56.0,70.0,79.0,70.0,66.0,58.0,11.0,67.7,Low
SKILL_420,2026-01-01 00:06:59+00:00,2026-01-01 00:07:00+00:00,95.0,75.0,85.0,0,0,4,70.0,54.0,52.0,72.0,47.0,67.0,0.0,82.55,Low
SKILL_421,2026-01-01 00:07:00+00:00,2026-01-01 00:07:01+00:00,93.0,55.0,88.0,4,0,2,46.0,50.0,48.0,95.0,51.0,90.0,0.0,83.55,Low
SKILL_422,2026-01-01 00:07:01+00:00,2026-01-01 00:07:02+00:00,78.0,56.0,70.0,5,2,3,39.0,61.0,77.0,65.0,79.0,61.0,0.0,85.75,Low
SKILL_423,2026-01-01 00:07:02+00:00,2026-01-01 00:07:03+00:00,80.0,93.0,91.0,4,2,3,69.0,39.0,63.0,59.0,75.0,66.0,13.0,92.45,Medium
SKILL_424,2026-01-01 00:07:03+00:00,2026-01-01 00:07:04+00:00,79.0,44.0,30.0,3,2,2,73.0,88.0,63.0,88.0,70.0,60.0,0.0,80.0,Low
SKILL_425,2026-01-01 00:07:04+00:00,2026-01-01 00:07:05+00:00,54.0,85.0,94.0,1,0,0,100.0,63.0,42.0,63.0,92.0,95.0,31.0,74.6,High
SKILL_426,2026-01-01 00:07:05+00:00,2026-01-01 00:07:06+00:00,37.0,99.0,64.0,4,2,3,54.0,73.0,38.0,53.0,82.0,71.0,62.0,74.95,High
SKILL_427,2026-01-01 00:07:06+00:00,2026-01-01 00:07:07+00:00,77.0,52.0,42.0,3,0,3,86.0,87.0,77.0,76.0,70.0,92.0,0.0,80.25,Low
SKILL_428,2026-01-01 00:07:07+00:00,2026-01-01 00:07:08+00:00,60.0,62.0,72.0,4,0,3,90.0,73.0,85.0,46.0,59.0,75.0,2.0,82.0,Low
SKILL_429,2026-01-01 00:07:08+00:00,2026-01-01 00:07:09+00:00,45.0,65.0,71.0,2,2,1,77.0,53.0,98.0,40.0,90.0,96.0,20.0,74.1,Medium
SKILL_430,2026-01-01 00:07:09+00:00,2026-01-01 00:07:10+00:00,83.0,81.0,94.0,2,2,3,81.0,41.0,45.0,95.0,48.0,69.0,0.0,92.4,Low
SKILL_431,2026-01-01 00:07:10+00:00,2026-01-01 00:07:11+00:00,60.0,77.0,41.0,2,2,4,71.0,80.0,87.0,47.0,69.0,98.0,17.0,78.95,Medium
SKILL_432,2026-01-01 00:07:11+00:00,2026-01-01 00:07:12+00:00,88.0,43.0,78.0,5,1,2,88.0,79.0,57.0,62.0,87.0,91.0,0.0,90.9,Low
SKILL_433,2026-01-01 00:07:12+00:00,2026-01-01 00:07:13+00:00,67.0,75.0,43.0,5,2,3,51.0,64.0,79.0,85.0,82.0,86.0,8.0,83.8,Low
SKILL_434,2026-01-01 00:07:13+00:00,2026-01-01 00:07:14+00:00,87.0,93.0,67.0,0,1,0,75.0,44.0,91.0,41.0,92.0,94.0,6.0,76.3,Low
SKILL_435,2026-01-01 00:07:14+00:00,2026-01-01 00:07:15+00:00,61.0,91.0,62.0,0,0,3,68.0,38.0,51.0,38.0,87.0,98.0,30.0,64.15,High
SKILL_436,2026-01-01 00:07:15+00:00,2026-01-01 00:07:16+00:00,35.0,46.0,79.0,0,0,2,42.0,58.0,70.0,84.0,96.0,87.0,11.0,59.65,Low
SKILL_437,2026-01-01 00:07:16+00:00,2026-01-01 00:07:17+00:00,91.0,57.0,57.0,3,0,2,81.0,93.0,65.0,38.0,81.0,61.0,0.0,80.6,Low
SKILL_438,2026-01-01 00:07:17+00:00,2026-01-01 00:07:18+00:00,82.0,85.0,77.0,0,1,2,100.0,46.0,70.0,52.0,70.0,97.0,3.0,82.2,Low
SKILL_439,2026-01-01 00:07:18+00:00,2026-01-01 00:07:19+00:00,95.0,40.0,87.0,1,2,1,40.0,78.0,58.0,53.0,81.0,62.0,0.0,79.55,Low
SKILL_440,2026-01-01 00:07:19+00:00,2026-01-01 00:07:20+00:00,64.0,96.0,71.0,0,1,4,46.0,61.0,73.0,43.0,98.0,65.0,32.0,73.4,High
SKILL_441,2026-01-01 00:07:20+00:00,2026-01-01 00:07:21+00:00,89.0,68.0,62.0,2,1,4,49.0,36.0,86.0,78.0,98.0,62.0,0.0,81.8,Low
SKILL_442,2026-01-01 00:07:21+00:00,2026-01-01 00:07:22+00:00,41.0,82.0,67.0,4,1,0,93.0,45.0,56.0,100.0,88.0,50.0,41.0,76.9,High
SKILL_443,2026-01-01 00:07:22+00:00,2026-01-01 00:07:23+00:00,59.0,94.0,86.0,4,2,2,50.0,48.0,73.0,62.0,76.0,72.0,35.0,84.15,High
SKILL_444,2026-01-01 00:07:23+00:00,2026-01-01 00:07:24+00:00,89.0,88.0,38.0,1,0,4,76.0,87.0,93.0,73.0,59.0,51.0,0.0,83.35,Low
SKILL_445,2026-01-01 00:07:24+00:00,2026-01-01 00:07:25+00:00,37.0,58.0,39.0,3,0,2,40.0,46.0,72.0,53.0,47.0,52.0,21.0,54.95,Medium
SKILL_446,2026-01-01 00:07:25+00:00,2026-01-01 00:07:26+00:00,89.0,97.0,76.0,3,2,4,79.0,42.0,50.0,43.0,58.0,57.0,8.0,90.5,Low
SKILL_447,2026-01-01 00:07:26+00:00,2026-01-01 00:07:27+00:00,49.0,46.0,70.0,5,0,4,78.0,35.0,44.0,90.0,93.0,69.0,0.0,75.45,Low
SKILL_448,2026-01-01 00:07:27+00:00,2026-01-01 00:07:28+00:00,46.0,64.0,89.0,1,1,0,70.0,57.0,77.0,40.0,91.0,49.0,18.0,68.6,Medium
SKILL_449,2026-01-01 00:07:28+00:00,2026-01-01 00:07:29+00:00,59.0,57.0,91.0,4,2,3,52.0,93.0,94.0,97.0,72.0,95.0,0.0,93.35,Low
SKILL_450,2026-01-01 00:07:29+00:00,2026-01-01 00:07:30+00:00,43.0,79.0,75.0,0,1,2,60.0,42.0,40.0,58.0,92.0,83.0,36.0,62.65,High
SKILL_451,2026-01-01 00:07:30+00:00,2026-01-01 00:07:31+00:00,47.0,44.0,54.0,3,1,1,100.0,79.0,81.0,97.0,56.0,91.0,0.0,78.15,Low
SKILL_452,2026-01-01 00:07:31+00:00,2026-01-01 00:07:32+00:00,84.0,86.0,84.0,2,2,2,87.0,60.0,48.0,79.0,88.0,68.0,2.0,91.15,Low
SKILL_453,2026-01-01 00:07:32+00:00,2026-01-01 00:07:33+00:00,35.0,90.0,72.0,5,2,2,89.0,94.0,93.0,67.0,63.0,72.0,55.0,89.9,High
SKILL_454,2026-01-01 00:07:33+00:00,2026-01-01 00:07:34+00:00,95.0,88.0,66.0,1,2,1,74.0,72.0,88.0,56.0,60.0,72.0,0.0,87.95,Low
SKILL_455,2026-01-01 00:07:34+00:00,2026-01-01 00:07:35+00:00,69.0,99.0,74.0,5,2,4,60.0,59.0,99.0,40.0,67.0,95.0,30.0,92.75,High
SKILL_456,2026-01-01 00:07:35+00:00,2026-01-01 00:07:36+00:00,77.0,62.0,59.0,4,2,1,55.0,91.0,57.0,79.0,88.0,62.0,0.0,83.7,Low
SKILL_457,2026-01-01 00:07:36+00:00,2026-01-01 00:07:37+00:00,81.0,79.0,80.0,1,2,1,82.0,40.0,43.0,91.0,75.0,65.0,0.0,83.35,Low
SKILL_458,2026-01-01 00:07:37+00:00,2026-01-01 00:07:38+00:00,82.0,84.0,78.0,3,0,4,51.0,62.0,75.0,100.0,69.0,94.0,2.0,87.85,Low
SKILL_459,2026-01-01 00:07:38+00:00,2026-01-01 00:07:39+00:00,40.0,50.0,67.0,5,0,2,48.0,100.0,74.0,37.0,99.0,97.0,10.0,69.7,Low
SKILL_460,2026-01-01 00:07:39+00:00,2026-01-01 00:07:40+00:00,67.0,63.0,48.0,1,0,3,69.0,96.0,35.0,59.0,89.0,93.0,0.0,68.5,Low
SKILL_461,2026-01-01 00:07:40+00:00,2026-01-01 00:07:41+00:00,68.0,64.0,45.0,1,0,2,57.0,59.0,50.0,88.0,95.0,53.0,0.0,65.65,Low
SKILL_462,2026-01-01 00:07:41+00:00,2026-01-01 00:07:42+00:00,76.0,58.0,63.0,3,2,1,68.0,79.0,40.0,55.0,50.0,76.0,0.0,78.5,Low
SKILL_463,2026-01-01 00:07:42+00:00,2026-01-01 00:07:43+00:00,82.0,82.0,68.0,1,1,0,52.0,94.0,49.0,38.0,84.0,53.0,0.0,73.2,Low
SKILL_464,2026-01-01 00:07:43+00:00,2026-01-01 00:07:44+00:00,43.0,65.0,33.0,0,2,2,86.0,39.0,54.0,52.0,91.0,46.0,22.0,60.25,Medium
SKILL_465,2026-01-01 00:07:44+00:00,2026-01-01 00:07:45+00:00,38.0,81.0,90.0,0,2,0,45.0,76.0,47.0,70.0,100.0,57.0,43.0,67.65,High
SKILL_466,2026-01-01 00:07:45+00:00,2026-01-01 00:07:46+00:00,71.0,49.0,81.0,1,1,3,57.0,74.0,98.0,57.0,73.0,58.0,0.0,79.8,Low
SKILL_467,2026-01-01 00:07:46+00:00,2026-01-01 00:07:47+00:00,39.0,94.0,60.0,1,2,0,36.0,59.0,47.0,92.0,79.0,62.0,55.0,64.35,High
SKILL_468,2026-01-01 00:07:47+00:00,2026-01-01 00:07:48+00:00,88.0,59.0,93.0,4,2,2,94.0,96.0,50.0,49.0,69.0,88.0,0.0,97.1,Low
SKILL_469,2026-01-01 00:07:48+00:00,2026-01-01 00:07:49+00:00,89.0,53.0,78.0,2,1,3,41.0,64.0,83.0,50.0,91.0,98.0,0.0,80.5,Low
SKILL_470,2026-01-01 00:07:49+00:00,2026-01-01 00:07:50+00:00,85.0,47.0,71.0,0,2,4,41.0,61.0,44.0,68.0,80.0,69.0,0.0,75.6,Low
SKILL_471,2026-01-01 00:07:50+00:00,2026-01-01 00:07:51+00:00,58.0,57.0,35.0,4,1,0,89.0,80.0,58.0,60.0,95.0,78.0,0.0,71.35,Low
SKILL_472,2026-01-01 00:07:51+00:00,2026-01-01 00:07:52+00:00,45.0,77.0,90.0,5,2,1,82.0,55.0,88.0,90.0,83.0,74.0,32.0,90.05,High
SKILL_473,2026-01-01 00:07:52+00:00,2026-01-01 00:07:53+00:00,85.0,59.0,88.0,0,0,0,63.0,97.0,90.0,69.0,47.0,98.0,0.0,79.8,Low
SKILL_474,2026-01-01 00:07:53+00:00,2026-01-01 00:07:54+00:00,74.0,46.0,56.0,0,2,3,75.0,76.0,67.0,84.0,80.0,81.0,0.0,78.75,Low
SKILL_475,2026-01-01 00:07:54+00:00,2026-01-01 00:07:55+00:00,93.0,56.0,77.0,4,2,3,81.0,96.0,48.0,97.0,92.0,75.0,0.0,99.0,Low
SKILL_476,2026-01-01 00:07:55+00:00,2026-01-01 00:07:56+00:00,94.0,63.0,52.0,1,1,1,61.0,49.0,84.0,70.0,99.0,52.0,0.0,76.15,Low
SKILL_477,2026-01-01 00:07:56+00:00,2026-01-01 00:07:57+00:00,37.0,86.0,90.0,5,0,4,35.0,68.0,96.0,65.0,69.0,82.0,49.0,80.0,High
SKILL_478,2026-01-01 00:07:57+00:00,2026-01-01 00:07:58+00:00,42.0,66.0,83.0,1,0,4,90.0,95.0,56.0,69.0,81.0,60.0,24.0,77.2,Medium
SKILL_479,2026-01-01 00:07:58+00:00,2026-01-01 00:07:59+00:00,92.0,88.0,72.0,0,1,1,38.0,73.0,40.0,54.0,60.0,95.0,0.0,73.1,Low
SKILL_480,2026-01-01 00:07:59+00:00,2026-01-01 00:08:00+00:00,71.0,79.0,71.0,0,1,0,98.0,56.0,68.0,89.0,73.0,82.0,8.0,78.85,Low
SKILL_481,2026-01-01 00:08:00+00:00,2026-01-01 00:08:01+00:00,67.0,57.0,94.0,0,0,3,38.0,61.0,77.0,93.0,76.0,77.0,0.0,74.55,Low
SKILL_482,2026-01-01 00:08:01+00:00,2026-01-01 00:08:02+00:00,75.0,94.0,89.0,5,1,1,90.0,47.0,90.0,52.0,98.0,57.0,19.0,92.85,Medium
SKILL_483,2026-01-01 00:08:02+00:00,2026-01-01 00:08:03+00:00,71.0,82.0,68.0,4,1,0,52.0,57.0,88.0,64.0,78.0,48.0,11.0,79.25,Low
SKILL_484,2026-01-01 00:08:03+00:00,2026-01-01 00:08:04+00:00,41.0,95.0,47.0,1,2,1,99.0,83.0,86.0,63.0,65.0,70.0,54.0,76.7,High
SKILL_485,2026-01-01 00:08:04+00:00,2026-01-01 00:08:05+00:00,43.0,98.0,76.0,3,1,2,90.0,85.0,54.0,61.0,82.0,52.0,55.0,81.25,High
SKILL_486,2026-01-01 00:08:05+00:00,2026-01-01 00:08:06+00:00,88.0,88.0,53.0,2,1,0,89.0,94.0,96.0,64.0,73.0,66.0,0.0,87.15,Low
SKILL_487,2026-01-01 00:08:06+00:00,2026-01-01 00:08:07+00:00,54.0,68.0,70.0,1,1,0,65.0,64.0,52.0,51.0,82.0,58.0,14.0,65.75,Medium
SKILL_488,2026-01-01 00:08:07+00:00,2026-01-01 00:08:08+00:00,80.0,95.0,51.0,2,2,2,91.0,78.0,69.0,35.0,96.0,65.0,15.0,84.55,Medium
SKILL_489,2026-01-01 00:08:08+00:00,2026-01-01 00:08:09+00:00,71.0,40.0,80.0,0,2,4,87.0,50.0,95.0,88.0,84.0,70.0,0.0,86.1,Low
SKILL_490,2026-01-01 00:08:09+00:00,2026-01-01 00:08:10+00:00,62.0,40.0,93.0,2,0,0,93.0,57.0,41.0,78.0,97.0,51.0,0.0,73.65,Low
SKILL_491,2026-01-01 00:08:10+00:00,2026-01-01 00:08:11+00:00,49.0,73.0,75.0,4,1,2,36.0,44.0,84.0,46.0,50.0,66.0,24.0,71.35,Medium
SKILL_492,2026-01-01 00:08:11+00:00,2026-01-01 00:08:12+00:00,54.0,40.0,83.0,4,1,2,52.0,40.0,79.0,57.0,67.0,70.0,0.0,73.5,Low
SKILL_493,2026-01-01 00:08:12+00:00,2026-01-01 00:08:13+00:00,41.0,54.0,73.0,2,1,0,70.0,89.0,98.0,91.0,49.0,46.0,13.0,75.55,Medium
SKILL_494,2026-01-01 00:08:13+00:00,2026-01-01 00:08:14+00:00,50.0,62.0,67.0,5,0,1,69.0,63.0,68.0,75.0,85.0,67.0,12.0,74.55,Medium
SKILL_495,2026-01-01 00:08:14+00:00,2026-01-01 00:08:15+00:00,37.0,97.0,61.0,1,2,0,35.0,95.0,48.0,86.0,76.0,50.0,60.0,67.3,High
SKILL_496,2026-01-01 00:08:15+00:00,2026-01-01 00:08:16+00:00,44.0,46.0,59.0,3,0,3,97.0,76.0,85.0,98.0,56.0,100.0,2.0,78.35,Low
SKILL_497,2026-01-01 00:08:16+00:00,2026-01-01 00:08:17+00:00,75.0,71.0,44.0,5,2,3,98.0,93.0,92.0,36.0,80.0,94.0,0.0,91.95,Low
SKILL_498,2026-01-01 00:08:17+00:00,2026-01-01 00:08:18+00:00,47.0,54.0,89.0,5,2,1,59.0,82.0,77.0,72.0,85.0,89.0,7.0,84.4,Low
SKILL_499,2026-01-01 00:08:18+00:00,2026-01-01 00:08:19+00:00,80.0,95.0,46.0,4,0,1,96.0,43.0,51.0,84.0,92.0,74.0,15.0,80.4,Medium
SKILL_500,2026-01-01 00:08:19+00:00,2026-01-01 00:08:20+00:00,92.0,50.0,50.0,1,2,4,58.0,51.0,52.0,76.0,92.0,64.0,0.0,78.6,Low
