skill_id,skill_name,curriculum_score,industry_score,practical_score,projects_completed,internships_completed,certifications,coding_score,communication_score,problem_solving_score,teamwork_score,industry_demand_score,curriculum_relevance_score,skill_gap,employability_score,gap_level,employability_target
SKILL_001,Machine Learning,86,68,44,2,0,4,58,37,56,87,46,68,0,73.8,Low,1
SKILL_002,Web Development,64,77,31,3,0,0,92,56,83,93,86,72,13,72.9,Medium,1
SKILL_003,Problem Solving,49,86,91,2,2,3,98,37,85,41,65,53,37,84.55,High,0
SKILL_004,Machine Learning,52,43,89,5,1,1,43,87,36,94,51,88,0,77.75,Low,1
SKILL_005,Deep Learning,81,74,65,1,1,1,38,88,97,52,70,88,0,76.55,Low,1
SKILL_006,Java,44,75,43,5,2,3,96,74,87,58,70,69,31,83.9,High,0
SKILL_007,Database Management,75,68,44,4,0,0,43,35,42,97,55,95,0,66.2,Low,0
SKILL_008,Teamwork,42,74,64,0,2,4,75,62,41,46,78,77,32,68.85,High,0
SKILL_009,Problem Solving,89,62,91,4,2,3,69,99,81,37,45,49,0,97.2,Low,1
SKILL_010,Git/GitHub,73,66,38,1,1,3,85,97,86,38,74,81,0,76.8,Low,1
SKILL_011,Machine Learning,79,54,72,4,0,2,62,100,76,79,97,50,0,85.35,Low,1
SKILL_012,Web Development,78,59,59,5,2,1,96,35,61,96,96,57,0,88.3,Low,1
SKILL_013,Cloud Computing,37,78,56,0,1,4,85,78,58,93,98,76,41,72.9,High,0
SKILL_014,Cloud Computing,86,88,91,0,1,3,46,73,36,37,93,81,2,77.5,Low,1
SKILL_015,Teamwork,90,56,88,0,1,1,88,35,53,36,97,88,0,75.8,Low,1
SKILL_016,Algorithms,66,94,84,2,2,0,72,58,45,50,77,53,28,78.8,High,0
SKILL_017,Algorithms,50,68,32,3,2,3,53,53,54,86,85,77,18,69.45,Medium,0
SKILL_018,Deep Learning,73,57,30,2,0,0,84,57,65,76,79,51,0,66.35,Low,0
SKILL_019,Problem Solving,60,87,89,0,1,0,82,46,71,66,99,53,27,75.1,High,0
SKILL_020,Cloud Computing,69,58,77,2,1,0,58,70,72,59,73,62,0,74.25,Low,1
SKILL_021,Git/GitHub,52,41,83,2,0,0,67,67,48,55,92,64,0,64.75,Low,0
SKILL_022,Deep Learning,41,42,46,0,2,2,56,64,72,85,98,52,1,63.15,Low,0
SKILL_023,Java,55,69,57,0,0,3,95,82,53,38,79,93,14,68.1,Medium,0
SKILL_024,Teamwork,78,67,59,4,1,4,40,71,58,80,97,75,0,81.9,Low,1
SKILL_025,C++,94,72,92,4,0,0,52,59,88,92,47,84,0,88.8,Low,1
SKILL_026,Git/GitHub,58,89,61,5,2,1,61,36,51,67,53,87,31,77.65,High,0
SKILL_027,Problem Solving,73,68,71,1,2,1,59,58,47,94,51,80,0,77.5,Low,1
SKILL_028,Database Management,54,40,37,5,1,3,49,100,66,97,66,95,0,76.05,Low,1
SKILL_029,Teamwork,86,81,44,5,2,3,42,87,94,39,83,48,0,87.2,Low,1
SKILL_030,Algorithms,79,71,76,2,2,3,50,47,64,53,61,100,0,80.45,Low,1
SKILL_031,Data Analytics,62,97,84,1,0,1,96,57,43,46,97,45,35,74.5,High,0
SKILL_032,Python,81,73,77,0,0,4,35,50,95,98,49,66,0,78.5,Low,1
SKILL_033,C++,46,65,45,2,0,0,63,81,96,50,70,70,19,63.15,Medium,0
SKILL_034,Problem Solving,55,78,62,5,1,4,57,44,68,86,75,54,23,81.3,Medium,1
SKILL_035,Data Analytics,92,71,30,4,0,3,50,58,36,66,71,64,0,72.1,Low,1
SKILL_036,Web Development,84,74,62,0,0,2,77,46,99,67,84,54,0,76.55,Low,1
SKILL_037,Cybersecurity,78,68,42,3,2,1,69,42,60,68,95,85,0,75.55,Low,1
SKILL_038,Machine Learning,38,97,58,3,0,4,70,44,58,98,79,93,59,73.3,High,0
SKILL_039,C++,82,75,53,5,0,3,89,47,57,64,61,93,0,83.25,Low,1
SKILL_040,Generative AI,82,64,42,2,2,0,46,95,53,43,51,72,0,71.3,Low,1
SKILL_041,Git/GitHub,65,91,45,4,0,2,46,59,86,87,67,60,26,75.45,High,0
SKILL_042,Machine Learning,79,92,71,1,2,1,39,69,52,43,54,88,13,74.9,Medium,1
SKILL_043,Teamwork,95,77,36,5,0,1,43,84,61,100,49,73,0,81.1,Low,1
SKILL_044,Data Structures,72,58,37,4,0,3,51,79,38,70,50,75,0,70.05,Low,1
SKILL_045,Data Analytics,95,83,83,2,1,1,53,73,79,47,94,72,0,85.0,Low,1
SKILL_046,Generative AI,62,47,90,0,2,0,37,96,97,59,100,77,0,74.95,Low,1
SKILL_047,Algorithms,87,45,87,3,0,4,95,81,55,70,79,63,0,90.5,Low,1
SKILL_048,Generative AI,91,57,76,0,0,0,88,37,50,91,55,56,0,74.65,Low,1
SKILL_049,DevOps,66,55,53,3,0,1,70,42,92,94,94,72,0,73.4,Low,1
SKILL_050,Data Structures,75,75,93,2,1,0,67,63,47,80,79,50,0,80.9,Low,1
SKILL_051,System Design,85,44,76,0,1,1,90,64,39,67,98,45,0,75.85,Low,1
SKILL_052,System Design,66,86,78,2,0,1,97,93,61,83,57,77,20,84.45,Medium,1
SKILL_053,Java,75,74,30,4,2,3,39,37,87,57,81,97,0,74.6,Low,1
SKILL_054,Data Structures,44,49,46,4,1,0,35,85,79,38,45,93,5,61.55,Low,0
SKILL_055,Deep Learning,66,73,68,1,1,1,88,37,84,46,45,98,7,73.8,Low,1
SKILL_056,Web Development,39,69,86,0,2,4,48,100,85,72,78,82,30,78.75,High,0
SKILL_057,System Design,68,57,59,2,2,1,86,72,64,85,61,49,0,81.0,Low,1
SKILL_058,SQL,44,95,46,1,0,3,68,40,87,100,57,87,51,69.1,High,0
SKILL_059,Cybersecurity,82,50,52,2,1,3,38,90,59,61,73,76,0,74.1,Low,1
SKILL_060,System Design,95,97,80,2,0,4,76,95,56,55,50,45,2,91.45,Low,1
SKILL_061,Data Structures,75,51,75,1,0,1,79,61,60,81,66,91,0,74.4,Low,1
SKILL_062,Cybersecurity,82,56,55,3,0,0,86,81,90,48,70,72,0,77.9,Low,1
SKILL_063,Git/GitHub,58,41,55,5,2,2,41,37,57,52,82,79,0,69.35,Low,0
SKILL_064,Data Analytics,49,64,57,1,2,0,51,78,59,51,57,64,15,64.5,Medium,0
SKILL_065,SQL,44,42,47,3,2,1,42,74,76,75,81,50,0,66.9,Low,0
SKILL_066,Generative AI,60,73,88,2,0,4,67,87,56,55,50,50,13,79.75,Medium,1
SKILL_067,Problem Solving,38,69,91,5,1,0,37,65,74,70,68,75,31,74.05,High,0
SKILL_068,Algorithms,36,59,33,5,1,0,85,96,91,100,59,55,23,75.95,Medium,1
SKILL_069,Deep Learning,60,90,74,3,0,1,53,54,46,81,45,70,30,72.35,High,0
SKILL_070,Git/GitHub,72,76,40,3,0,2,37,67,40,84,100,54,4,67.25,Low,0
SKILL_071,Data Structures,57,49,73,1,0,1,99,97,51,43,55,59,0,71.2,Low,1
SKILL_072,Algorithms,89,74,78,4,1,3,84,43,68,69,45,84,0,91.35,Low,1
SKILL_073,Deep Learning,45,80,43,3,1,2,71,39,60,96,48,69,35,70.0,High,0
SKILL_074,Database Management,76,64,47,5,2,4,72,57,97,49,77,69,0,87.9,Low,1
SKILL_075,Teamwork,67,86,95,5,0,2,73,85,40,41,95,52,19,84.9,Medium,1
SKILL_076,DevOps,86,54,58,0,1,2,70,63,72,91,77,81,0,77.6,Low,1
SKILL_077,Python,38,61,95,1,0,2,72,47,65,81,80,89,23,69.7,Medium,0
SKILL_078,Generative AI,90,54,58,4,0,3,79,36,61,70,80,70,0,80.55,Low,1
SKILL_079,Cybersecurity,61,44,49,2,1,1,72,40,57,81,70,90,0,66.55,Low,0
SKILL_080,Cybersecurity,46,65,42,5,1,0,94,77,39,71,52,86,19,72.2,Medium,1
SKILL_081,Teamwork,62,70,38,5,2,4,74,75,45,57,45,90,8,80.9,Low,1
SKILL_082,Data Structures,55,65,65,5,2,0,35,97,88,89,95,84,10,81.9,Low,1
SKILL_083,Communication,55,86,82,0,1,3,91,60,75,69,96,69,31,80.3,High,0
SKILL_084,Cybersecurity,72,41,36,1,2,1,51,77,93,85,98,68,0,71.95,Low,1
SKILL_085,Machine Learning,86,45,62,0,0,2,56,60,62,83,51,61,0,70.3,Low,1
SKILL_086,Generative AI,75,88,49,5,1,3,97,95,83,35,76,57,13,90.7,Medium,1
SKILL_087,Data Analytics,93,95,91,5,0,0,79,64,50,74,63,62,2,91.6,Low,1
SKILL_088,Python,48,90,76,1,1,3,72,85,97,38,45,52,42,78.5,High,0
SKILL_089,Machine Learning,37,71,39,1,2,1,89,66,84,41,73,52,34,66.1,High,0
SKILL_090,Python,91,94,88,4,1,0,85,42,68,69,76,68,3,91.4,Low,1
SKILL_091,Git/GitHub,66,95,75,2,0,4,48,89,82,41,54,51,29,79.4,High,0
SKILL_092,Python,57,60,48,4,2,3,63,94,36,35,91,49,3,74.3,Low,1
SKILL_093,Generative AI,45,81,31,2,2,3,54,39,71,72,74,53,36,66.35,High,0
SKILL_094,Java,87,83,53,0,1,2,48,43,74,100,89,69,0,75.55,Low,1
SKILL_095,Machine Learning,43,93,51,2,1,3,60,92,63,71,55,50,50,73.35,High,0
SKILL_096,System Design,55,81,70,5,1,0,71,59,61,91,75,50,26,80.6,High,0
SKILL_097,Deep Learning,68,51,82,1,0,0,60,96,80,98,46,98,0,76.9,Low,1
SKILL_098,Cybersecurity,35,90,82,3,2,1,63,55,45,74,55,80,55,74.5,High,0
SKILL_099,Teamwork,93,78,83,1,2,4,90,67,70,54,63,79,0,94.25,Low,1
SKILL_100,Generative AI,77,56,91,2,0,2,60,100,74,51,45,69,0,81.55,Low,1
SKILL_101,Cybersecurity,74,81,54,2,2,1,78,85,46,53,81,88,7,79.0,Low,1
SKILL_102,Teamwork,95,56,86,0,2,3,96,42,55,59,62,69,0,87.05,Low,1
SKILL_103,Web Development,49,98,55,0,0,1,81,66,44,50,51,61,49,62.7,High,0
SKILL_104,Machine Learning,48,54,36,0,2,1,93,73,52,93,86,83,6,67.85,Low,0
SKILL_105,Teamwork,48,70,53,2,0,1,37,71,77,74,70,99,22,62.85,Medium,0
SKILL_106,Web Development,73,54,33,4,1,0,47,67,50,76,88,46,0,67.6,Low,0
SKILL_107,C++,76,73,59,2,2,4,47,52,66,73,90,96,0,80.25,Low,1
SKILL_108,Teamwork,63,92,86,3,2,0,44,64,59,39,45,74,29,76.95,High,0
SKILL_109,Teamwork,37,84,43,5,1,3,52,96,71,59,92,45,47,74.15,High,0
SKILL_110,Git/GitHub,49,48,44,0,0,3,46,93,71,95,81,87,0,63.15,Low,0
SKILL_111,Algorithms,73,95,92,5,2,4,59,86,38,93,52,64,22,98.7,Medium,1
SKILL_112,Data Analytics,79,85,86,1,0,0,37,40,39,39,98,91,6,64.8,Low,0
SKILL_113,Teamwork,43,74,49,1,0,4,69,84,96,51,68,47,31,69.4,High,0
SKILL_114,C++,72,52,43,4,1,2,90,63,43,59,78,56,0,75.8,Low,1
SKILL_115,DevOps,43,54,69,0,0,2,93,72,39,82,70,62,11,66.2,Low,0
SKILL_116,Algorithms,71,99,77,4,0,4,74,79,96,92,47,100,28,94.85,High,0
SKILL_117,Deep Learning,68,79,62,5,2,3,93,93,82,75,57,87,11,96.75,Low,1
SKILL_118,Database Management,59,92,71,3,2,2,72,94,41,39,87,89,33,81.35,High,0
SKILL_119,Data Analytics,65,62,71,1,2,4,64,73,65,36,58,57,0,77.65,Low,1
SKILL_120,Web Development,73,41,42,5,2,0,51,94,98,69,92,50,0,80.5,Low,1
SKILL_121,Data Analytics,64,46,92,3,2,4,56,54,98,51,56,66,0,85.7,Low,1
SKILL_122,Teamwork,44,93,94,5,1,2,84,48,98,81,73,56,49,90.4,High,0
SKILL_123,SQL,93,74,81,4,2,4,45,67,40,66,95,55,0,90.9,Low,1
SKILL_124,Java,80,73,58,3,0,2,47,73,49,63,73,55,0,73.45,Low,1
SKILL_125,Generative AI,66,41,76,5,1,2,61,90,55,81,60,81,0,83.55,Low,1
SKILL_126,Generative AI,40,58,86,4,2,2,35,92,72,49,78,79,18,76.55,Medium,1
SKILL_127,Teamwork,59,63,41,1,2,3,61,94,80,51,73,97,4,73.4,Low,1
SKILL_128,Deep Learning,49,66,75,1,2,2,98,78,87,58,47,64,17,81.85,Medium,1
SKILL_129,Git/GitHub,49,64,46,5,0,0,94,97,36,45,57,61,15,69.75,Medium,0
SKILL_130,Deep Learning,55,57,93,1,1,2,79,67,75,42,55,66,2,76.3,Low,1
SKILL_131,Data Analytics,58,80,46,3,0,3,54,67,74,66,94,77,22,71.0,Medium,1
SKILL_132,Java,67,72,59,0,0,3,60,56,100,72,83,70,5,72.05,Low,1
SKILL_133,Git/GitHub,92,89,44,1,1,3,83,95,40,43,50,53,0,80.45,Low,1
SKILL_134,Machine Learning,65,71,70,1,1,3,96,96,41,38,50,66,6,78.75,Low,1
SKILL_135,C++,75,99,43,2,1,3,46,47,59,79,95,63,24,74.15,Medium,1
SKILL_136,Git/GitHub,70,84,37,4,2,4,89,66,85,78,62,50,14,89.55,Medium,1
SKILL_137,System Design,53,61,66,0,2,2,62,69,95,88,59,77,8,76.05,Low,1
SKILL_138,Machine Learning,46,88,60,1,0,3,71,38,54,94,68,94,42,68.05,High,0
SKILL_139,Teamwork,85,71,65,1,0,1,100,68,70,40,83,86,0,77.65,Low,1
SKILL_140,Data Analytics,85,97,41,2,0,1,74,55,49,60,52,80,12,72.15,Medium,1
SKILL_141,Problem Solving,64,62,71,3,1,1,71,72,75,96,98,91,0,81.85,Low,1
SKILL_142,Git/GitHub,90,78,31,5,0,2,62,100,69,39,45,84,0,79.6,Low,1
SKILL_143,Web Development,90,75,74,2,1,2,48,44,35,39,64,52,0,73.8,Low,1
SKILL_144,Cybersecurity,46,40,86,5,0,2,71,81,71,83,93,100,0,79.85,Low,1
SKILL_145,Web Development,90,67,35,3,2,4,54,36,71,54,70,73,0,78.4,Low,1
SKILL_146,Python,89,74,88,4,0,0,85,46,54,87,94,68,0,86.7,Low,1
SKILL_147,Cybersecurity,68,64,79,4,0,2,84,57,78,72,64,67,0,83.5,Low,1
SKILL_148,Database Management,86,55,79,1,2,1,35,42,63,39,91,66,0,71.95,Low,1
SKILL_149,Communication,68,40,84,1,2,1,64,51,60,42,91,84,0,72.2,Low,1
SKILL_150,Teamwork,46,66,75,3,0,0,53,65,48,87,92,49,20,67.05,Medium,0
SKILL_151,Cloud Computing,60,67,95,1,1,0,67,75,82,47,53,97,7,76.15,Low,1
SKILL_152,Database Management,65,80,33,5,2,1,47,57,35,88,51,69,15,73.4,Medium,1
SKILL_153,Communication,35,51,44,4,2,3,67,83,69,78,82,70,16,74.2,Medium,1
SKILL_154,Cybersecurity,69,47,95,5,0,2,60,82,100,62,97,73,0,87.35,Low,1
SKILL_155,Web Development,39,73,77,4,2,3,49,77,82,80,94,88,34,82.2,High,0
SKILL_156,Cybersecurity,79,60,52,2,2,4,49,59,70,85,59,48,0,80.9,Low,1
SKILL_157,Database Management,56,58,63,5,0,3,86,61,63,62,79,52,2,78.4,Low,1
SKILL_158,Problem Solving,76,75,59,1,1,0,38,41,73,47,75,51,0,65.1,Low,0
SKILL_159,Teamwork,76,81,85,3,1,0,78,79,81,47,99,66,5,85.5,Low,1
SKILL_160,Cloud Computing,60,48,44,1,1,0,76,58,83,60,71,81,0,65.1,Low,0
SKILL_161,SQL,84,63,48,3,2,1,52,53,70,89,94,49,0,79.4,Low,1
SKILL_162,Communication,83,74,62,4,0,4,49,69,66,45,54,53,0,79.9,Low,1
SKILL_163,Git/GitHub,47,96,54,1,2,4,52,76,73,75,93,55,49,76.35,High,0
SKILL_164,Machine Learning,58,99,75,2,1,1,66,73,70,70,47,53,41,79.1,High,0
SKILL_165,Deep Learning,67,98,70,3,0,0,94,36,94,39,88,71,31,77.55,High,0
SKILL_166,Deep Learning,72,47,79,2,1,3,92,37,36,78,46,82,0,78.9,Low,1
SKILL_167,Teamwork,69,73,59,3,1,3,92,70,65,81,99,60,4,85.25,Low,1
SKILL_168,DevOps,64,96,84,3,0,3,42,37,50,64,89,67,32,74.3,High,0
SKILL_169,Data Analytics,74,93,34,3,0,0,64,55,56,66,77,97,19,67.9,Medium,0
SKILL_170,Problem Solving,46,77,43,3,0,1,100,36,99,86,67,70,31,72.4,High,0
SKILL_171,SQL,52,94,35,2,1,2,49,94,46,83,86,82,42,69.05,High,0
SKILL_172,System Design,79,74,59,1,1,2,41,86,48,49,65,79,0,71.4,Low,1
SKILL_173,Java,61,41,64,1,1,3,44,59,100,59,98,77,0,70.05,Low,1
SKILL_174,SQL,65,53,94,5,1,4,86,37,75,40,69,57,0,87.45,Low,1
SKILL_175,Java,42,60,54,3,0,3,46,66,47,65,58,64,18,62.5,Medium,0
SKILL_176,System Design,63,99,92,5,0,2,36,94,57,65,95,49,36,84.05,High,0
SKILL_177,Data Analytics,68,49,31,5,2,1,65,90,43,55,53,72,0,74.15,Low,1
SKILL_178,Git/GitHub,85,46,45,3,0,3,38,74,51,86,73,96,0,72.15,Low,1
SKILL_179,SQL,94,77,79,4,2,4,41,61,48,39,99,46,0,87.95,Low,1
SKILL_180,Algorithms,49,60,39,1,2,4,99,47,87,79,76,80,11,76.2,Low,1
SKILL_181,Teamwork,69,88,89,2,2,4,86,89,60,68,96,92,19,94.45,Medium,1
SKILL_182,System Design,74,74,81,4,1,1,55,76,47,98,61,100,0,84.95,Low,1
SKILL_183,Cloud Computing,75,40,31,3,0,0,44,92,94,55,72,55,0,65.65,Low,0
SKILL_184,Java,42,98,78,0,2,4,66,78,99,42,57,52,56,79.7,High,0
SKILL_185,Cybersecurity,35,84,80,2,0,4,54,55,92,65,90,80,49,72.45,High,0
SKILL_186,Cybersecurity,86,54,36,2,2,2,92,39,39,42,54,82,0,72.9,Low,1
SKILL_187,Communication,66,87,37,0,0,1,84,83,70,75,69,99,21,69.5,Medium,0
SKILL_188,System Design,44,60,65,3,2,1,47,87,66,50,76,76,16,70.85,Medium,1
SKILL_189,Java,45,49,44,0,1,0,59,93,56,64,64,65,4,58.1,Low,0
SKILL_190,Web Development,66,90,75,0,0,2,66,73,46,81,62,65,24,73.4,Medium,1
SKILL_191,Database Management,55,47,75,5,2,3,56,56,63,47,62,46,0,78.95,Low,1
SKILL_192,Communication,86,66,79,2,2,3,56,77,71,95,77,100,0,91.1,Low,1
SKILL_193,C++,88,58,52,4,1,3,59,42,92,50,52,45,0,80.95,Low,1
SKILL_194,Web Development,39,42,94,3,2,1,44,55,80,61,46,85,3,72.45,Low,1
SKILL_195,Problem Solving,47,48,65,5,1,1,92,88,46,48,78,97,1,76.05,Low,1
SKILL_196,Generative AI,45,55,85,2,0,1,38,38,54,44,68,98,10,58.55,Low,0
SKILL_197,C++,60,76,83,4,1,3,94,91,79,54,61,99,16,91.2,Medium,1
SKILL_198,Machine Learning,38,68,43,2,0,1,89,38,58,68,74,62,30,60.15,High,0
SKILL_199,Data Analytics,65,99,89,2,0,2,56,58,64,92,82,97,34,80.75,High,0
SKILL_200,SQL,53,87,74,3,1,0,89,52,97,81,55,98,34,82.1,High,0
SKILL_201,Database Management,67,56,33,3,2,2,49,81,43,50,49,96,0,68.7,Low,0
SKILL_202,DevOps,84,42,80,4,2,1,69,80,60,98,81,64,0,90.85,Low,1
SKILL_203,Teamwork,55,49,93,4,1,1,38,73,69,35,68,80,0,73.15,Low,1
SKILL_204,Algorithms,75,93,75,3,0,3,58,70,64,58,88,86,18,81.45,Medium,1
SKILL_205,Machine Learning,69,94,43,1,1,1,78,79,90,91,65,48,25,79.45,High,0
SKILL_206,System Design,67,66,36,5,2,1,66,54,49,82,51,65,0,76.45,Low,1
SKILL_207,DevOps,60,83,43,0,0,1,55,37,71,83,63,95,23,60.75,Medium,0
SKILL_208,Web Development,91,80,62,1,0,3,67,58,95,95,78,72,0,84.5,Low,1
SKILL_209,Cybersecurity,75,78,78,0,1,1,99,39,36,56,92,46,3,74.6,Low,1
SKILL_210,DevOps,68,55,80,4,2,3,74,72,94,93,54,79,0,94.0,Low,1
SKILL_211,Data Analytics,83,71,36,4,1,3,49,48,61,74,72,70,0,76.2,Low,1
SKILL_212,Teamwork,36,64,32,3,0,1,40,73,86,57,69,94,28,56.9,High,0
SKILL_213,Cybersecurity,53,44,80,2,1,3,75,70,89,43,91,59,0,76.6,Low,1
SKILL_214,Problem Solving,80,79,71,3,1,3,36,41,37,37,71,94,0,72.5,Low,1
SKILL_215,Cybersecurity,74,77,62,3,0,4,66,82,38,53,76,53,3,77.8,Low,1
SKILL_216,Web Development,45,85,45,0,2,4,55,64,47,68,48,72,40,66.9,High,0
SKILL_217,Algorithms,92,70,88,2,0,0,37,59,54,68,70,49,0,75.25,Low,1
SKILL_218,C++,95,67,38,3,1,1,40,94,78,45,46,91,0,76.25,Low,1
SKILL_219,Web Development,78,48,32,3,1,1,55,62,96,67,65,79,0,71.95,Low,1
SKILL_220,Generative AI,68,80,80,1,1,2,91,57,82,56,61,49,12,82.15,Medium,1
SKILL_221,Web Development,45,69,44,2,2,0,50,68,100,74,100,72,24,68.65,Medium,0
SKILL_222,Communication,73,45,49,3,0,2,38,92,59,81,82,59,0,70.45,Low,1
SKILL_223,C++,91,92,82,5,1,3,51,73,43,40,71,67,1,89.1,Low,1
SKILL_224,Java,90,85,67,5,0,2,53,64,59,74,68,58,0,85.05,Low,1
SKILL_225,Algorithms,57,61,77,0,2,2,37,76,53,62,64,89,4,69.4,Low,0
SKILL_226,Machine Learning,48,48,48,3,1,4,95,70,74,64,53,77,0,76.45,Low,1
SKILL_227,Generative AI,59,53,82,2,0,2,75,42,36,75,100,99,0,70.0,Low,1
SKILL_228,Problem Solving,63,88,77,5,2,2,98,84,55,82,64,81,25,95.75,High,0
SKILL_229,C++,78,72,90,0,2,0,99,42,79,81,84,56,0,85.75,Low,1
SKILL_230,Web Development,80,86,44,0,2,1,86,56,55,85,82,64,6,77.4,Low,1
SKILL_231,Data Analytics,38,94,57,3,1,3,79,100,68,89,85,45,56,81.35,High,0
SKILL_232,Deep Learning,57,77,35,5,0,1,51,95,46,40,70,71,20,66.2,Medium,0
SKILL_233,Deep Learning,53,99,94,0,0,4,74,48,69,82,89,64,46,78.95,High,0
SKILL_234,Teamwork,47,77,78,5,0,2,54,73,83,98,86,87,30,81.55,High,0
SKILL_235,Cloud Computing,43,63,66,0,0,0,55,85,93,73,99,85,20,63.6,Medium,0
SKILL_236,Machine Learning,47,50,48,2,0,4,35,74,53,95,97,89,3,63.8,Low,0
SKILL_237,Web Development,95,87,62,4,1,3,42,59,80,64,89,91,0,86.95,Low,1
SKILL_238,Teamwork,81,59,47,1,1,0,70,53,62,74,64,93,0,69.95,Low,0
SKILL_239,Python,46,97,44,0,2,1,97,63,100,85,55,57,51,76.85,High,0
SKILL_240,DevOps,48,57,80,5,0,0,73,62,37,61,97,46,9,70.65,Low,1
SKILL_241,Algorithms,37,55,69,1,0,0,46,69,99,89,89,59,18,63.15,Medium,0
SKILL_242,Data Structures,55,88,54,0,1,3,55,88,52,70,79,89,33,70.1,High,0
SKILL_243,Cloud Computing,87,77,59,3,1,2,62,78,75,97,67,84,0,87.55,Low,1
SKILL_244,Cybersecurity,82,71,86,5,0,1,90,62,71,41,48,81,0,87.2,Low,1
SKILL_245,Python,35,86,49,2,0,1,94,52,69,77,91,75,51,66.55,High,0
SKILL_246,Cybersecurity,83,88,67,4,1,3,90,99,65,38,93,89,5,92.15,Low,1
SKILL_247,System Design,39,69,88,2,2,4,38,60,61,80,98,87,30,76.05,High,0
SKILL_248,DevOps,85,89,35,2,0,4,64,76,71,76,81,79,4,79.05,Low,1
SKILL_249,Algorithms,38,57,58,4,2,3,51,56,71,83,57,78,19,73.95,Medium,1
SKILL_250,Database Management,56,92,80,2,1,1,66,85,80,55,88,55,36,79.6,High,0
SKILL_251,Machine Learning,38,90,30,3,2,4,47,45,85,51,79,62,52,67.65,High,0
SKILL_252,Deep Learning,56,96,53,1,2,4,42,62,39,51,81,80,40,69.7,High,0
SKILL_253,Data Analytics,61,92,40,5,0,3,55,45,39,90,64,85,31,72.6,High,0
SKILL_254,Git/GitHub,92,51,46,2,2,1,82,86,89,67,68,67,0,85.3,Low,1
SKILL_255,Communication,61,50,93,0,2,1,85,87,85,81,91,48,0,84.4,Low,1
SKILL_256,Machine Learning,79,74,77,0,0,0,53,97,72,93,49,57,0,76.7,Low,1
SKILL_257,Communication,80,70,51,4,1,2,88,44,76,98,65,60,0,86.2,Low,1
SKILL_258,Web Development,36,80,53,2,1,0,81,69,53,42,70,93,44,63.15,High,0
SKILL_259,Deep Learning,41,69,36,2,0,3,59,71,35,49,81,57,28,57.2,High,0
SKILL_260,Deep Learning,42,44,89,0,2,0,70,69,100,97,84,67,2,75.8,Low,1
SKILL_261,Cloud Computing,68,85,33,5,2,2,37,48,94,79,76,78,17,78.75,Medium,1
SKILL_262,Database Management,95,58,45,1,0,1,50,94,100,100,70,57,0,78.95,Low,1
SKILL_263,Communication,65,99,63,2,2,2,87,73,99,51,85,74,34,87.1,High,0
SKILL_264,Database Management,55,58,82,2,0,0,65,89,57,66,54,54,3,70.9,Low,1
SKILL_265,SQL,42,93,81,3,1,1,62,87,58,56,74,48,51,75.9,High,0
SKILL_266,Database Management,93,62,37,1,2,1,83,91,60,52,76,66,0,79.1,Low,1
SKILL_267,Algorithms,51,62,79,0,1,4,78,98,63,62,55,45,11,77.75,Low,1
SKILL_268,Cybersecurity,53,48,56,1,1,2,47,83,90,85,81,61,0,70.1,Low,1
SKILL_269,Python,94,66,84,1,2,4,55,47,67,58,88,55,0,86.35,Low,1
SKILL_270,Teamwork,38,86,54,5,0,4,46,71,76,51,81,98,48,71.6,High,0
SKILL_271,Problem Solving,73,67,70,2,2,1,47,47,65,36,60,53,0,72.3,Low,1
SKILL_272,Cloud Computing,72,50,83,5,0,3,79,68,43,42,51,80,0,81.25,Low,1
SKILL_273,System Design,37,67,73,4,1,0,55,47,91,83,98,98,30,71.9,High,0
SKILL_274,DevOps,87,83,76,4,1,4,71,58,36,48,54,79,0,87.1,Low,1
SKILL_275,C++,81,77,46,3,1,3,58,63,77,59,80,70,0,79.25,Low,1
SKILL_276,Algorithms,35,59,57,0,1,3,61,87,76,93,91,74,24,68.3,Medium,0
SKILL_277,Cloud Computing,68,76,35,4,0,0,89,92,41,91,56,60,8,75.35,Low,1
SKILL_278,Problem Solving,77,92,36,3,2,2,66,42,79,93,48,84,15,81.95,Medium,1
SKILL_279,C++,63,80,58,1,1,3,78,38,43,39,100,76,17,68.55,Medium,0
SKILL_280,Generative AI,84,50,44,3,1,0,51,93,91,60,69,54,0,75.85,Low,1
SKILL_281,Database Management,53,50,82,3,2,3,99,83,81,86,82,68,0,91.0,Low,1
SKILL_282,Communication,65,80,75,1,1,0,39,86,88,67,94,82,15,74.2,Medium,1
SKILL_283,Java,49,71,90,1,0,4,40,72,96,96,62,58,22,77.75,Medium,1
SKILL_284,DevOps,80,52,32,5,1,4,42,78,67,84,55,75,0,79.8,Low,1
SKILL_285,Web Development,40,80,45,3,2,3,82,90,98,93,70,56,40,83.9,High,0
SKILL_286,Cybersecurity,71,64,47,2,2,1,60,40,38,63,78,61,0,68.15,Low,0
SKILL_287,Cybersecurity,77,92,95,1,2,4,42,99,77,73,61,64,15,92.65,Medium,1
SKILL_288,System Design,56,68,73,0,0,1,70,62,76,77,65,68,12,68.9,Medium,0
SKILL_289,DevOps,94,79,95,2,1,4,61,47,79,44,80,53,0,89.55,Low,1
SKILL_290,Java,85,40,61,0,0,0,54,69,51,52,89,96,0,62.75,Low,0
SKILL_291,Generative AI,87,66,94,1,0,1,60,54,44,93,55,85,0,78.75,Low,1
SKILL_292,Cloud Computing,39,97,94,0,1,1,75,45,90,85,65,79,58,76.0,High,0
SKILL_293,Web Development,60,90,48,4,2,1,74,39,55,38,67,86,30,73.4,High,0
SKILL_294,Generative AI,49,89,37,0,2,3,49,71,35,58,71,84,40,62.8,High,0
SKILL_295,SQL,68,68,53,1,2,1,91,83,87,57,89,49,0,80.25,Low,1
SKILL_296,Cloud Computing,91,96,89,5,1,4,91,44,74,41,83,82,5,98.7,Low,1
SKILL_297,Generative AI,37,90,76,3,1,2,70,75,47,92,94,74,53,77.35,High,0
SKILL_298,Data Structures,59,87,56,2,1,0,81,73,50,56,65,98,28,71.7,High,0
SKILL_299,Deep Learning,83,55,88,1,1,2,68,43,45,44,66,61,0,75.25,Low,1
SKILL_300,SQL,82,91,54,2,0,4,99,97,85,70,61,85,9,90.45,Low,1
SKILL_301,Java,74,54,68,2,1,0,57,73,91,68,85,73,0,76.25,Low,1
SKILL_302,Cloud Computing,47,45,35,3,0,2,97,83,81,89,45,61,0,72.1,Low,1
SKILL_303,C++,60,54,61,3,1,0,77,69,92,67,58,78,0,75.95,Low,1
SKILL_304,SQL,58,98,58,2,1,0,83,74,99,61,60,50,40,78.75,High,0
SKILL_305,Deep Learning,47,87,93,5,2,2,77,54,78,57,46,100,40,88.5,High,0
SKILL_306,Data Analytics,91,76,36,5,2,2,50,85,46,87,55,49,0,85.85,Low,1
SKILL_307,Web Development,51,45,34,0,1,4,93,67,96,84,92,85,0,71.7,Low,1
SKILL_308,Data Analytics,56,44,95,5,2,3,67,47,88,41,59,67,0,85.55,Low,1
SKILL_309,Git/GitHub,57,58,83,4,0,1,97,91,42,96,73,54,1,83.6,Low,1
SKILL_310,Teamwork,36,45,87,4,1,0,75,83,83,37,54,78,9,73.45,Low,1
SKILL_311,C++,50,41,53,1,1,1,77,89,73,63,91,82,0,67.75,Low,0
SKILL_312,Generative AI,61,80,83,3,2,3,100,64,87,68,66,47,19,93.25,Medium,1
SKILL_313,Algorithms,49,66,39,0,0,0,93,93,36,63,48,45,17,59.8,Medium,0
SKILL_314,Data Analytics,60,64,39,4,2,2,56,85,82,55,100,66,4,76.8,Low,1
SKILL_315,SQL,68,69,54,4,0,0,79,41,83,43,80,63,1,71.25,Low,1
SKILL_316,Python,44,75,75,1,1,0,61,88,84,69,96,65,31,71.75,High,0
SKILL_317,Communication,49,43,56,1,2,3,51,77,75,76,94,64,0,70.7,Low,1
SKILL_318,Database Management,74,78,52,3,2,0,77,82,68,74,55,94,4,82.65,Low,1
SKILL_319,C++,92,72,45,1,1,1,72,53,70,93,57,100,0,78.1,Low,1
SKILL_320,Git/GitHub,37,49,94,2,1,2,40,73,94,62,77,98,12,71.85,Medium,1
SKILL_321,Data Structures,43,57,85,2,0,1,95,92,94,74,80,94,14,79.2,Medium,1
SKILL_322,Cybersecurity,71,54,47,1,2,2,92,91,38,41,87,98,0,74.35,Low,1
SKILL_323,SQL,62,54,30,2,1,1,35,72,63,39,93,54,0,58.05,Low,0
SKILL_324,System Design,41,42,76,3,2,2,35,46,94,61,100,86,1,70.0,Low,1
SKILL_325,Generative AI,58,64,84,5,2,4,70,83,92,73,60,77,6,95.0,Low,1
SKILL_326,Teamwork,55,48,35,2,0,2,73,56,75,39,86,67,0,60.5,Low,0
SKILL_327,Teamwork,46,62,59,0,2,0,63,71,47,66,90,96,16,63.35,Medium,0
SKILL_328,Communication,82,62,74,0,2,4,100,40,52,56,98,77,0,83.3,Low,1
SKILL_329,Teamwork,77,71,71,2,1,1,44,70,68,62,55,58,0,75.65,Low,1
SKILL_330,Machine Learning,89,86,48,5,2,3,58,43,81,67,77,63,0,88.75,Low,1
SKILL_331,C++,44,79,76,1,0,4,84,47,35,68,73,92,35,69.7,High,0
SKILL_332,Communication,47,87,78,4,0,4,73,60,51,47,49,70,40,76.8,High,0
SKILL_333,Teamwork,37,46,87,0,2,4,99,96,51,77,69,47,9,80.5,Low,1
SKILL_334,Communication,63,92,61,1,0,3,90,99,75,85,98,85,29,83.05,High,0
SKILL_335,Machine Learning,48,68,48,1,0,4,49,37,45,87,90,74,20,60.65,Medium,0
SKILL_336,Deep Learning,52,90,77,1,1,3,91,70,91,83,89,62,38,84.95,High,0
SKILL_337,Java,47,84,49,4,2,1,37,88,98,74,99,48,37,77.0,High,0
SKILL_338,Generative AI,45,97,59,2,1,0,43,65,95,82,69,80,52,70.4,High,0
SKILL_339,Deep Learning,43,97,87,4,0,1,98,78,63,93,51,72,54,85.45,High,0
SKILL_340,Cloud Computing,62,45,58,1,0,2,55,98,70,96,86,56,0,71.25,Low,1
SKILL_341,DevOps,95,52,40,5,2,0,74,93,36,44,88,55,0,81.35,Low,1
SKILL_342,Communication,50,56,31,1,2,1,57,52,96,96,82,91,6,66.75,Low,0
SKILL_343,C++,72,42,90,0,1,4,62,55,47,61,80,51,0,74.8,Low,1
SKILL_344,DevOps,73,92,33,5,1,4,67,62,42,35,81,66,19,77.0,Medium,1
SKILL_345,Algorithms,95,60,64,4,1,1,82,40,90,93,100,84,0,89.65,Low,1
SKILL_346,Machine Learning,74,52,47,1,2,0,88,72,82,61,64,56,0,75.8,Low,1
SKILL_347,Cybersecurity,95,70,90,1,2,4,69,49,50,47,93,79,0,87.7,Low,1
SKILL_348,Generative AI,45,98,50,2,1,2,64,82,69,72,75,58,53,72.95,High,0
SKILL_349,System Design,83,71,61,2,1,2,37,44,59,95,73,63,0,75.4,Low,1
SKILL_350,Cybersecurity,36,49,90,2,0,3,82,58,45,89,72,49,13,71.9,Medium,1
SKILL_351,Data Structures,85,60,41,1,1,0,76,72,59,48,55,76,0,69.75,Low,0
SKILL_352,Cybersecurity,95,57,56,5,1,2,55,78,39,75,69,85,0,84.1,Low,1
SKILL_353,DevOps,56,58,94,3,0,3,56,81,80,48,94,64,2,78.4,Low,1
SKILL_354,System Design,82,72,88,2,2,3,74,54,72,37,72,100,0,87.2,Low,1
SKILL_355,Database Management,47,41,66,0,1,1,70,88,60,74,87,66,0,66.25,Low,0
SKILL_356,Generative AI,42,68,69,1,1,0,89,50,80,96,87,51,26,72.05,High,0
SKILL_357,Problem Solving,79,98,85,2,0,0,69,85,71,91,52,59,19,85.6,Medium,1
SKILL_358,Git/GitHub,54,99,82,3,0,0,98,76,63,53,90,55,45,79.7,High,0
SKILL_359,Java,84,46,87,1,2,3,84,44,66,86,59,81,0,87.7,Low,1
SKILL_360,Generative AI,37,76,69,3,2,2,98,42,90,94,54,83,39,82.95,High,0
SKILL_361,Teamwork,70,52,65,4,1,3,98,72,56,36,75,99,0,82.3,Low,1
SKILL_362,Cybersecurity,62,85,91,4,1,1,74,58,78,94,67,61,23,88.8,Medium,1
SKILL_363,Python,89,70,86,1,0,1,43,56,47,82,62,95,0,74.9,Low,1
SKILL_364,Web Development,74,56,44,1,2,4,66,43,74,54,70,71,0,73.9,Low,1
SKILL_365,System Design,47,55,92,3,1,2,94,82,52,50,99,83,8,80.15,Low,1
SKILL_366,SQL,93,64,91,4,0,0,40,94,48,88,48,83,0,84.85,Low,1
SKILL_367,Deep Learning,59,52,61,2,1,3,87,62,37,56,76,82,0,72.2,Low,1
SKILL_368,Deep Learning,89,47,91,0,1,2,44,37,93,83,75,73,0,79.05,Low,1
SKILL_369,Data Structures,86,64,70,5,0,1,56,38,47,79,86,94,0,78.2,Low,1
SKILL_370,Teamwork,54,91,83,3,0,0,49,51,58,92,52,94,37,72.65,High,0
SKILL_371,Database Management,57,85,37,2,1,2,47,73,62,95,60,99,28,70.2,High,0
SKILL_372,Java,88,57,46,5,2,4,47,77,55,89,61,84,0,88.05,Low,1
SKILL_373,Data Analytics,86,54,81,1,2,4,86,64,67,91,96,53,0,92.2,Low,1
SKILL_374,Communication,35,83,38,3,0,4,91,42,61,96,56,45,48,70.2,High,0
SKILL_375,Cybersecurity,74,81,91,2,2,2,51,66,74,57,100,50,7,85.15,Low,1
SKILL_376,System Design,72,76,93,2,1,0,83,45,83,55,95,46,4,81.95,Low,1
SKILL_377,Deep Learning,53,78,57,2,0,2,90,62,100,72,99,81,25,76.35,High,0
SKILL_378,Data Analytics,86,43,78,2,1,4,86,92,66,94,90,63,0,92.5,Low,1
SKILL_379,C++,80,79,85,2,0,1,82,74,97,38,82,88,0,83.6,Low,1
SKILL_380,Cloud Computing,81,55,85,3,2,4,59,68,58,60,64,84,0,88.2,Low,1
SKILL_381,DevOps,53,42,53,4,2,1,61,49,69,87,88,70,0,73.2,Low,1
SKILL_382,Communication,68,62,79,3,2,3,82,89,35,100,74,47,0,90.2,Low,1
SKILL_383,Generative AI,83,91,91,4,0,3,72,49,86,80,69,65,8,92.85,Low,1
SKILL_384,Data Structures,40,88,76,3,2,1,55,57,98,74,94,54,48,78.65,High,0
SKILL_385,Generative AI,83,47,90,4,1,4,87,89,71,90,89,82,0,98.5,Low,1
SKILL_386,Data Structures,43,98,31,0,2,2,73,97,98,95,98,72,55,75.7,High,0
SKILL_387,Cloud Computing,73,70,87,4,2,1,65,86,35,89,66,84,0,88.9,Low,1
SKILL_388,Data Structures,81,40,94,0,2,1,88,76,55,56,82,79,0,82.45,Low,1
SKILL_389,Database Management,50,47,91,0,0,1,47,51,72,79,50,79,0,64.15,Low,0
SKILL_390,Git/GitHub,48,86,90,5,0,2,47,65,69,94,50,49,38,81.45,High,0
SKILL_391,Teamwork,57,64,63,1,2,4,54,40,93,98,94,62,7,78.45,Low,1
SKILL_392,SQL,51,96,43,5,0,3,49,53,97,69,61,79,45,74.7,High,0
SKILL_393,Data Analytics,54,75,64,1,0,4,51,84,99,66,80,57,21,74.35,Medium,1
SKILL_394,Algorithms,92,53,66,5,2,3,50,96,38,79,70,72,0,90.8,Low,1
SKILL_395,Database Management,36,70,32,5,2,2,65,79,100,42,51,100,34,73.25,High,0
SKILL_396,Web Development,85,78,86,2,1,1,52,73,94,77,89,67,0,86.95,Low,1
SKILL_397,Data Structures,64,45,85,1,0,3,38,57,40,66,86,62,0,66.0,Low,0
SKILL_398,Communication,74,97,35,2,2,2,45,77,51,38,48,61,23,71.55,Medium,1
SKILL_399,Cloud Computing,53,44,61,5,1,2,56,99,56,45,57,86,0,74.25,Low,1
SKILL_400,C++,43,99,43,0,1,0,57,81,81,64,69,72,56,63.4,High,0
SKILL_401,Java,79,95,54,1,1,1,92,75,59,82,78,54,16,81.95,Medium,1
SKILL_402,C++,45,50,50,5,0,0,98,98,36,76,62,98,5,71.95,Low,1
SKILL_403,Cybersecurity,50,88,47,2,0,2,50,40,91,81,91,92,38,66.4,High,0
SKILL_404,DevOps,46,99,33,5,1,1,93,61,61,41,91,99,53,72.75,High,0
SKILL_405,Git/GitHub,74,99,41,4,1,2,51,97,70,42,49,70,25,79.15,High,0
SKILL_406,Problem Solving,70,67,76,3,0,1,86,71,63,49,80,91,0,78.1,Low,1
SKILL_407,Git/GitHub,86,58,50,4,2,3,63,54,59,97,80,46,0,86.25,Low,1
SKILL_408,Problem Solving,52,44,83,3,1,4,53,68,47,77,98,73,0,76.15,Low,1
SKILL_409,SQL,56,91,81,3,0,2,53,72,91,54,53,76,35,77.95,High,0
SKILL_410,SQL,84,57,34,3,2,2,71,56,92,78,78,57,0,81.75,Low,1
SKILL_411,DevOps,43,81,36,3,2,1,65,69,91,95,75,63,38,74.8,High,0
SKILL_412,Java,93,91,39,1,1,3,51,50,50,80,83,97,0,75.3,Low,1
SKILL_413,Cybersecurity,58,40,40,4,2,1,84,46,99,81,72,97,0,77.2,Low,1
SKILL_414,DevOps,41,41,53,3,2,1,74,84,77,46,47,86,0,70.25,Low,1
SKILL_415,Teamwork,88,41,78,1,1,3,72,62,59,44,86,84,0,78.5,Low,1
SKILL_416,Python,47,95,71,4,1,4,56,91,61,75,60,78,48,83.55,High,0
SKILL_417,Java,46,79,39,0,1,3,73,94,100,99,95,80,33,74.95,High,0
SKILL_418,Java,65,96,95,4,2,3,62,58,55,44,90,58,31,88.35,High,0
SKILL_419,Data Structures,52,63,43,1,1,3,56,70,79,70,66,58,11,67.7,Low,0
SKILL_420,Problem Solving,95,75,85,0,0,4,70,54,52,72,47,67,0,82.55,Low,1
SKILL_421,Database Management,93,55,88,4,0,2,46,50,48,95,51,90,0,83.55,Low,1
SKILL_422,Communication,78,56,70,5,2,3,39,61,77,65,79,61,0,85.75,Low,1
SKILL_423,Data Analytics,80,93,91,4,2,3,69,39,63,59,75,66,13,92.45,Medium,1
SKILL_424,Java,79,44,30,3,2,2,73,88,63,88,70,60,0,80.0,Low,1
SKILL_425,C++,54,85,94,1,0,0,100,63,42,63,92,95,31,74.6,High,0
SKILL_426,Python,37,99,64,4,2,3,54,73,38,53,82,71,62,74.95,High,0
SKILL_427,Database Management,77,52,42,3,0,3,86,87,77,76,70,92,0,80.25,Low,1
SKILL_428,Data Analytics,60,62,72,4,0,3,90,73,85,46,59,75,2,82.0,Low,1
SKILL_429,Git/GitHub,45,65,71,2,2,1,77,53,98,40,90,96,20,74.1,Medium,1
SKILL_430,Algorithms,83,81,94,2,2,3,81,41,45,95,48,69,0,92.4,Low,1
SKILL_431,Web Development,60,77,41,2,2,4,71,80,87,47,69,98,17,78.95,Medium,1
SKILL_432,Generative AI,88,43,78,5,1,2,88,79,57,62,87,91,0,90.9,Low,1
SKILL_433,Data Analytics,67,75,43,5,2,3,51,64,79,85,82,86,8,83.8,Low,1
SKILL_434,Communication,87,93,67,0,1,0,75,44,91,41,92,94,6,76.3,Low,1
SKILL_435,Algorithms,61,91,62,0,0,3,68,38,51,38,87,98,30,64.15,High,0
SKILL_436,SQL,35,46,79,0,0,2,42,58,70,84,96,87,11,59.65,Low,0
SKILL_437,Git/GitHub,91,57,57,3,0,2,81,93,65,38,81,61,0,80.6,Low,1
SKILL_438,Machine Learning,82,85,77,0,1,2,100,46,70,52,70,97,3,82.2,Low,1
SKILL_439,Machine Learning,95,40,87,1,2,1,40,78,58,53,81,62,0,79.55,Low,1
SKILL_440,Data Structures,64,96,71,0,1,4,46,61,73,43,98,65,32,73.4,High,0
SKILL_441,Web Development,89,68,62,2,1,4,49,36,86,78,98,62,0,81.8,Low,1
SKILL_442,C++,41,82,67,4,1,0,93,45,56,100,88,50,41,76.9,High,0
SKILL_443,DevOps,59,94,86,4,2,2,50,48,73,62,76,72,35,84.15,High,0
SKILL_444,Data Analytics,89,88,38,1,0,4,76,87,93,73,59,51,0,83.35,Low,1
SKILL_445,Communication,37,58,39,3,0,2,40,46,72,53,47,52,21,54.95,Medium,0
SKILL_446,Deep Learning,89,97,76,3,2,4,79,42,50,43,58,57,8,90.5,Low,1
SKILL_447,Machine Learning,49,46,70,5,0,4,78,35,44,90,93,69,0,75.45,Low,1
SKILL_448,System Design,46,64,89,1,1,0,70,57,77,40,91,49,18,68.6,Medium,0
SKILL_449,Cybersecurity,59,57,91,4,2,3,52,93,94,97,72,95,0,93.35,Low,1
SKILL_450,Communication,43,79,75,0,1,2,60,42,40,58,92,83,36,62.65,High,0
SKILL_451,Database Management,47,44,54,3,1,1,100,79,81,97,56,91,0,78.15,Low,1
SKILL_452,Database Management,84,86,84,2,2,2,87,60,48,79,88,68,2,91.15,Low,1
SKILL_453,Cloud Computing,35,90,72,5,2,2,89,94,93,67,63,72,55,89.9,High,0
SKILL_454,Generative AI,95,88,66,1,2,1,74,72,88,56,60,72,0,87.95,Low,1
SKILL_455,Problem Solving,69,99,74,5,2,4,60,59,99,40,67,95,30,92.75,High,0
SKILL_456,Cybersecurity,77,62,59,4,2,1,55,91,57,79,88,62,0,83.7,Low,1
SKILL_457,Data Analytics,81,79,80,1,2,1,82,40,43,91,75,65,0,83.35,Low,1
SKILL_458,Deep Learning,82,84,78,3,0,4,51,62,75,100,69,94,2,87.85,Low,1
SKILL_459,Cloud Computing,40,50,67,5,0,2,48,100,74,37,99,97,10,69.7,Low,0
SKILL_460,C++,67,63,48,1,0,3,69,96,35,59,89,93,0,68.5,Low,0
SKILL_461,Cybersecurity,68,64,45,1,0,2,57,59,50,88,95,53,0,65.65,Low,0
SKILL_462,Python,76,58,63,3,2,1,68,79,40,55,50,76,0,78.5,Low,1
SKILL_463,Cloud Computing,82,82,68,1,1,0,52,94,49,38,84,53,0,73.2,Low,1
SKILL_464,Database Management,43,65,33,0,2,2,86,39,54,52,91,46,22,60.25,Medium,0
SKILL_465,Database Management,38,81,90,0,2,0,45,76,47,70,100,57,43,67.65,High,0
SKILL_466,Web Development,71,49,81,1,1,3,57,74,98,57,73,58,0,79.8,Low,1
SKILL_467,Data Analytics,39,94,60,1,2,0,36,59,47,92,79,62,55,64.35,High,0
SKILL_468,Cybersecurity,88,59,93,4,2,2,94,96,50,49,69,88,0,97.1,Low,1
SKILL_469,C++,89,53,78,2,1,3,41,64,83,50,91,98,0,80.5,Low,1
SKILL_470,Deep Learning,85,47,71,0,2,4,41,61,44,68,80,69,0,75.6,Low,1
SKILL_471,Algorithms,58,57,35,4,1,0,89,80,58,60,95,78,0,71.35,Low,1
SKILL_472,C++,45,77,90,5,2,1,82,55,88,90,83,74,32,90.05,High,0
SKILL_473,Deep Learning,85,59,88,0,0,0,63,97,90,69,47,98,0,79.8,Low,1
SKILL_474,Database Management,74,46,56,0,2,3,75,76,67,84,80,81,0,78.75,Low,1
SKILL_475,Cloud Computing,93,56,77,4,2,3,81,96,48,97,92,75,0,99.0,Low,1
SKILL_476,Teamwork,94,63,52,1,1,1,61,49,84,70,99,52,0,76.15,Low,1
SKILL_477,Communication,37,86,90,5,0,4,35,68,96,65,69,82,49,80.0,High,0
SKILL_478,Git/GitHub,42,66,83,1,0,4,90,95,56,69,81,60,24,77.2,Medium,1
SKILL_479,System Design,92,88,72,0,1,1,38,73,40,54,60,95,0,73.1,Low,1
SKILL_480,Cloud Computing,71,79,71,0,1,0,98,56,68,89,73,82,8,78.85,Low,1
SKILL_481,Git/GitHub,67,57,94,0,0,3,38,61,77,93,76,77,0,74.55,Low,1
SKILL_482,DevOps,75,94,89,5,1,1,90,47,90,52,98,57,19,92.85,Medium,1
SKILL_483,Teamwork,71,82,68,4,1,0,52,57,88,64,78,48,11,79.25,Low,1
SKILL_484,C++,41,95,47,1,2,1,99,83,86,63,65,70,54,76.7,High,0
SKILL_485,Git/GitHub,43,98,76,3,1,2,90,85,54,61,82,52,55,81.25,High,0
SKILL_486,Python,88,88,53,2,1,0,89,94,96,64,73,66,0,87.15,Low,1
SKILL_487,Cybersecurity,54,68,70,1,1,0,65,64,52,51,82,58,14,65.75,Medium,0
SKILL_488,Communication,80,95,51,2,2,2,91,78,69,35,96,65,15,84.55,Medium,1
SKILL_489,Algorithms,71,40,80,0,2,4,87,50,95,88,84,70,0,86.1,Low,1
SKILL_490,Problem Solving,62,40,93,2,0,0,93,57,41,78,97,51,0,73.65,Low,1
SKILL_491,Web Development,49,73,75,4,1,2,36,44,84,46,50,66,24,71.35,Medium,1
SKILL_492,Cloud Computing,54,40,83,4,1,2,52,40,79,57,67,70,0,73.5,Low,1
SKILL_493,Database Management,41,54,73,2,1,0,70,89,98,91,49,46,13,75.55,Medium,1
SKILL_494,Python,50,62,67,5,0,1,69,63,68,75,85,67,12,74.55,Medium,1
SKILL_495,Machine Learning,37,97,61,1,2,0,35,95,48,86,76,50,60,67.3,High,0
SKILL_496,Machine Learning,44,46,59,3,0,3,97,76,85,98,56,100,2,78.35,Low,1
SKILL_497,Problem Solving,75,71,44,5,2,3,98,93,92,36,80,94,0,91.95,Low,1
SKILL_498,Machine Learning,47,54,89,5,2,1,59,82,77,72,85,89,7,84.4,Low,1
SKILL_499,Deep Learning,80,95,46,4,0,1,96,43,51,84,92,74,15,80.4,Medium,1
SKILL_500,Deep Learning,92,50,50,1,2,4,58,51,52,76,92,64,0,78.6,Low,1
